experiment,repeat,run_index,run-id,run-name,run-current-time,output-filepath,renderer-variant,renderer-variant-name,variable,to-use-scene,scene-path,warmup-frames,measure-frames,auto-terminate,window-width,window-height,seed,camera-pos-x,camera-pos-y,camera-pos-z,camera-lookat-x,camera-lookat-y,camera-lookat-z,camera-near-z,camera-far-z,camera-fov,object-count,material-count,geometry-count,sort-type,z-min,z-max,xy-minmax,radius,geometry-div,gbuffer-cnt,texture-count,texture-size,texture-sampling-count,alu-calc-count,renderer_name,pass_name_0,pass_name_1,pass_name_2,pass_name_3,pass_0_time_min_ms,pass_0_time_median_ms,pass_0_time_max_ms,pass_0_time_avg_ms,pass_0_time_p01_ms,pass_0_time_p10_ms,pass_0_time_p90_ms,pass_0_time_p99_ms,pass_1_time_min_ms,pass_1_time_median_ms,pass_1_time_max_ms,pass_1_time_avg_ms,pass_1_time_p01_ms,pass_1_time_p10_ms,pass_1_time_p90_ms,pass_1_time_p99_ms,pass_2_time_min_ms,pass_2_time_median_ms,pass_2_time_max_ms,pass_2_time_avg_ms,pass_2_time_p01_ms,pass_2_time_p10_ms,pass_2_time_p90_ms,pass_2_time_p99_ms,pass_3_time_min_ms,pass_3_time_median_ms,pass_3_time_max_ms,pass_3_time_avg_ms,pass_3_time_p01_ms,pass_3_time_p10_ms,pass_3_time_p90_ms,pass_3_time_p99_ms
geometry_sweep_alu,0,0,0,geometry_sweep_alu,,C:\Users\mgkim15\AppData\Local\Temp\tvbperf_jt9bgt7n\run_00000.csv,1,no-variant-name,1,0,assets/scenes/unpacked/main_sponza/NewSponza_Main_glTF_003.gltf,600,120,1,1280,720,0,0,0,-10,0,0,0,0.1,1000,0.11,1,1,1,0,-1,1,1,0.5,4,1,1,256,1,100,Forward,forward,,,total,1.01878,1.02445,1.02550,1.02237,1.01878,1.01904,1.02512,1.02550,0.00000,0.00000,0.00000,0.00000,0.00000,0.00000,0.00000,0.00000,0.00000,0.00000,0.00000,0.00000,0.00000,0.00000,0.00000,0.00000,1.01878,1.02445,1.02550,1.02237,1.01878,1.01904,1.02512,1.02550
geometry_sweep_alu,0,1,1,geometry_sweep_alu,,C:\Users\mgkim15\AppData\Local\Temp\tvbperf_jt9bgt7n\run_00001.csv,1,no-variant-name,1,0,assets/scenes/unpacked/main_sponza/NewSponza_Main_glTF_003.gltf,600,120,1,1280,720,0,0,0,-10,0,0,0,0.1,1000,0.11,2,1,1,0,-1,1,1,0.5,4,1,1,256,1,100,Forward,forward,,,total,1.01827,1.01958,1.02566,1.02174,1.01846,1.01888,1.02496,1.02547,0.00000,0.00000,0.00000,0.00000,0.00000,0.00000,0.00000,0.00000,0.00000,0.00000,0.00000,0.00000,0.00000,0.00000,0.00000,0.00000,1.01827,1.01958,1.02566,1.02174,1.01846,1.01888,1.02496,1.02547
geometry_sweep_alu,0,2,2,geometry_sweep_alu,,C:\Users\mgkim15\AppData\Local\Temp\tvbperf_jt9bgt7n\run_00002.csv,1,no-variant-name,1,0,assets/scenes/unpacked/main_sponza/NewSponza_Main_glTF_003.gltf,600,120,1,1280,720,0,0,0,-10,0,0,0,0.1,1000,0.11,4,1,1,0,-1,1,1,0.5,4,1,1,256,1,100,Forward,forward,,,total,1.01834,1.01930,1.02531,1.02146,1.01840,1.01859,1.02474,1.02518,0.00000,0.00000,0.00000,0.00000,0.00000,0.00000,0.00000,0.00000,0.00000,0.00000,0.00000,0.00000,0.00000,0.00000,0.00000,0.00000,1.01834,1.01930,1.02531,1.02146,1.01840,1.01859,1.02474,1.02518
geometry_sweep_alu,0,3,3,geometry_sweep_alu,,C:\Users\mgkim15\AppData\Local\Temp\tvbperf_jt9bgt7n\run_00003.csv,1,no-variant-name,1,0,assets/scenes/unpacked/main_sponza/NewSponza_Main_glTF_003.gltf,600,120,1,1280,720,0,0,0,-10,0,0,0,0.1,1000,0.11,8,1,1,0,-1,1,1,0.5,4,1,1,256,1,100,Forward,forward,,,total,1.01830,1.02429,1.02560,1.02233,1.01846,1.01891,1.02506,1.02525,0.00000,0.00000,0.00000,0.00000,0.00000,0.00000,0.00000,0.00000,0.00000,0.00000,0.00000,0.00000,0.00000,0.00000,0.00000,0.00000,1.01830,1.02429,1.02560,1.02233,1.01846,1.01891,1.02506,1.02525
geometry_sweep_alu,0,4,4,geometry_sweep_alu,,C:\Users\mgkim15\AppData\Local\Temp\tvbperf_jt9bgt7n\run_00004.csv,1,no-variant-name,1,0,assets/scenes/unpacked/main_sponza/NewSponza_Main_glTF_003.gltf,600,120,1,1280,720,0,0,0,-10,0,0,0,0.1,1000,0.11,16,1,1,0,-1,1,1,0.5,4,1,1,256,1,100,Forward,forward,,,total,1.01824,1.02432,1.03562,1.02332,1.01843,1.01885,1.02960,1.03536,0.00000,0.00000,0.00000,0.00000,0.00000,0.00000,0.00000,0.00000,0.00000,0.00000,0.00000,0.00000,0.00000,0.00000,0.00000,0.00000,1.01824,1.02432,1.03562,1.02332,1.01843,1.01885,1.02960,1.03536
geometry_sweep_alu,0,5,5,geometry_sweep_alu,,C:\Users\mgkim15\AppData\Local\Temp\tvbperf_jt9bgt7n\run_00005.csv,1,no-variant-name,1,0,assets/scenes/unpacked/main_sponza/NewSponza_Main_glTF_003.gltf,600,120,1,1280,720,0,0,0,-10,0,0,0,0.1,1000,0.11,32,1,1,0,-1,1,1,0.5,4,1,1,256,1,100,Forward,forward,,,total,1.01821,1.02394,1.02554,1.02192,1.01834,1.01875,1.02467,1.02499,0.00000,0.00000,0.00000,0.00000,0.00000,0.00000,0.00000,0.00000,0.00000,0.00000,0.00000,0.00000,0.00000,0.00000,0.00000,0.00000,1.01821,1.02394,1.02554,1.02192,1.01834,1.01875,1.02467,1.02499
geometry_sweep_alu,0,6,6,geometry_sweep_alu,,C:\Users\mgkim15\AppData\Local\Temp\tvbperf_jt9bgt7n\run_00006.csv,1,no-variant-name,1,0,assets/scenes/unpacked/main_sponza/NewSponza_Main_glTF_003.gltf,600,120,1,1280,720,0,0,0,-10,0,0,0,0.1,1000,0.11,64,1,1,0,-1,1,1,0.5,4,1,1,256,1,100,Forward,forward,,,total,1.01837,1.02413,1.02515,1.02190,1.01853,1.01878,1.02483,1.02506,0.00000,0.00000,0.00000,0.00000,0.00000,0.00000,0.00000,0.00000,0.00000,0.00000,0.00000,0.00000,0.00000,0.00000,0.00000,0.00000,1.01837,1.02413,1.02515,1.02190,1.01853,1.01878,1.02483,1.02506
geometry_sweep_alu,0,7,7,geometry_sweep_alu,,C:\Users\mgkim15\AppData\Local\Temp\tvbperf_jt9bgt7n\run_00007.csv,1,no-variant-name,1,0,assets/scenes/unpacked/main_sponza/NewSponza_Main_glTF_003.gltf,600,120,1,1280,720,0,0,0,-10,0,0,0,0.1,1000,0.11,128,1,1,0,-1,1,1,0.5,4,1,1,256,1,100,Forward,forward,,,total,1.01869,1.02426,1.02848,1.02374,1.01875,1.01910,1.02810,1.02848,0.00000,0.00000,0.00000,0.00000,0.00000,0.00000,0.00000,0.00000,0.00000,0.00000,0.00000,0.00000,0.00000,0.00000,0.00000,0.00000,1.01869,1.02426,1.02848,1.02374,1.01875,1.01910,1.02810,1.02848
geometry_sweep_alu,0,8,8,geometry_sweep_alu,,C:\Users\mgkim15\AppData\Local\Temp\tvbperf_jt9bgt7n\run_00008.csv,1,no-variant-name,1,0,assets/scenes/unpacked/main_sponza/NewSponza_Main_glTF_003.gltf,600,120,1,1280,720,0,0,0,-10,0,0,0,0.1,1000,0.11,256,1,1,0,-1,1,1,0.5,4,1,1,256,1,100,Forward,forward,,,total,1.03229,1.03757,1.03914,1.03572,1.03232,1.03277,1.03856,1.03914,0.00000,0.00000,0.00000,0.00000,0.00000,0.00000,0.00000,0.00000,0.00000,0.00000,0.00000,0.00000,0.00000,0.00000,0.00000,0.00000,1.03229,1.03757,1.03914,1.03572,1.03232,1.03277,1.03856,1.03914
geometry_sweep_alu,0,9,9,geometry_sweep_alu,,C:\Users\mgkim15\AppData\Local\Temp\tvbperf_jt9bgt7n\run_00009.csv,1,no-variant-name,1,0,assets/scenes/unpacked/main_sponza/NewSponza_Main_glTF_003.gltf,600,120,1,1280,720,0,0,0,-10,0,0,0,0.1,1000,0.11,512,1,1,0,-1,1,1,0.5,4,1,1,256,1,100,Forward,forward,,,total,1.04931,1.05062,1.05168,1.05059,1.04941,1.04979,1.05126,1.05168,0.00000,0.00000,0.00000,0.00000,0.00000,0.00000,0.00000,0.00000,0.00000,0.00000,0.00000,0.00000,0.00000,0.00000,0.00000,0.00000,1.04931,1.05062,1.05168,1.05059,1.04941,1.04979,1.05126,1.05168
geometry_sweep_alu,0,10,10,geometry_sweep_alu,,C:\Users\mgkim15\AppData\Local\Temp\tvbperf_jt9bgt7n\run_00010.csv,1,no-variant-name,1,0,assets/scenes/unpacked/main_sponza/NewSponza_Main_glTF_003.gltf,600,120,1,1280,720,0,0,0,-10,0,0,0,0.1,1000,0.11,1024,1,1,0,-1,1,1,0.5,4,1,1,256,1,100,Forward,forward,,,total,1.21011,1.21213,1.21514,1.21194,1.21011,1.21066,1.21296,1.21510,0.00000,0.00000,0.00000,0.00000,0.00000,0.00000,0.00000,0.00000,0.00000,0.00000,0.00000,0.00000,0.00000,0.00000,0.00000,0.00000,1.21011,1.21213,1.21514,1.21194,1.21011,1.21066,1.21296,1.21510
geometry_sweep_alu,0,11,11,geometry_sweep_alu,,C:\Users\mgkim15\AppData\Local\Temp\tvbperf_jt9bgt7n\run_00011.csv,1,no-variant-name,1,0,assets/scenes/unpacked/main_sponza/NewSponza_Main_glTF_003.gltf,600,120,1,1280,720,0,0,0,-10,0,0,0,0.1,1000,0.11,2048,1,1,0,-1,1,1,0.5,4,1,1,256,1,100,Forward,forward,,,total,1.54346,1.54822,1.54960,1.54737,1.54355,1.54413,1.54886,1.54934,0.00000,0.00000,0.00000,0.00000,0.00000,0.00000,0.00000,0.00000,0.00000,0.00000,0.00000,0.00000,0.00000,0.00000,0.00000,0.00000,1.54346,1.54822,1.54960,1.54737,1.54355,1.54413,1.54886,1.54934
geometry_sweep_alu,0,12,12,geometry_sweep_alu,,C:\Users\mgkim15\AppData\Local\Temp\tvbperf_jt9bgt7n\run_00012.csv,1,no-variant-name,1,0,assets/scenes/unpacked/main_sponza/NewSponza_Main_glTF_003.gltf,600,120,1,1280,720,0,0,0,-10,0,0,0,0.1,1000,0.11,4096,1,1,0,-1,1,1,0.5,4,1,1,256,1,100,Forward,forward,,,total,2.24611,2.25152,2.25286,2.25048,2.24630,2.24694,2.25219,2.25261,0.00000,0.00000,0.00000,0.00000,0.00000,0.00000,0.00000,0.00000,0.00000,0.00000,0.00000,0.00000,0.00000,0.00000,0.00000,0.00000,2.24611,2.25152,2.25286,2.25048,2.24630,2.24694,2.25219,2.25261
geometry_sweep_alu,0,13,13,geometry_sweep_alu,,C:\Users\mgkim15\AppData\Local\Temp\tvbperf_jt9bgt7n\run_00013.csv,1,no-variant-name,1,0,assets/scenes/unpacked/main_sponza/NewSponza_Main_glTF_003.gltf,600,120,1,1280,720,0,0,0,-10,0,0,0,0.1,1000,0.11,8192,1,1,0,-1,1,1,0.5,4,1,1,256,1,100,Forward,forward,,,total,3.65293,3.65859,3.66051,3.65765,3.65302,3.65414,3.65946,3.66042,0.00000,0.00000,0.00000,0.00000,0.00000,0.00000,0.00000,0.00000,0.00000,0.00000,0.00000,0.00000,0.00000,0.00000,0.00000,0.00000,3.65293,3.65859,3.66051,3.65765,3.65302,3.65414,3.65946,3.66042
geometry_sweep_alu,0,14,14,geometry_sweep_alu,,C:\Users\mgkim15\AppData\Local\Temp\tvbperf_jt9bgt7n\run_00014.csv,2,no-variant-name,1,0,assets/scenes/unpacked/main_sponza/NewSponza_Main_glTF_003.gltf,600,120,1,1280,720,0,0,0,-10,0,0,0,0.1,1000,0.11,1,1,1,0,-1,1,1,0.5,4,1,1,256,1,100,ForwardPrepass,depth_prepass,forward,,total,0.00358,0.00464,0.00515,0.00448,0.00365,0.00397,0.00480,0.00509,1.01894,1.01990,1.02602,1.02176,1.01907,1.01926,1.02515,1.02579,0.00000,0.00000,0.00000,0.00000,0.00000,0.00000,0.00000,0.00000,1.02307,1.02454,1.03040,1.02624,1.02320,1.02374,1.02973,1.03024
geometry_sweep_alu,0,15,15,geometry_sweep_alu,,C:\Users\mgkim15\AppData\Local\Temp\tvbperf_jt9bgt7n\run_00015.csv,2,no-variant-name,1,0,assets/scenes/unpacked/main_sponza/NewSponza_Main_glTF_003.gltf,600,120,1,1280,720,0,0,0,-10,0,0,0,0.1,1000,0.11,2,1,1,0,-1,1,1,0.5,4,1,1,256,1,100,ForwardPrepass,depth_prepass,forward,,total,0.00397,0.00426,0.00512,0.00435,0.00400,0.00410,0.00470,0.00499,1.01914,1.02042,1.02582,1.02221,1.01926,1.01942,1.02512,1.02579,0.00000,0.00000,0.00000,0.00000,0.00000,0.00000,0.00000,0.00000,1.02330,1.02486,1.03043,1.02657,1.02333,1.02374,1.02976,1.03027
geometry_sweep_alu,0,16,16,geometry_sweep_alu,,C:\Users\mgkim15\AppData\Local\Temp\tvbperf_jt9bgt7n\run_00016.csv,2,no-variant-name,1,0,assets/scenes/unpacked/main_sponza/NewSponza_Main_glTF_003.gltf,600,120,1,1280,720,0,0,0,-10,0,0,0,0.1,1000,0.11,4,1,1,0,-1,1,1,0.5,4,1,1,256,1,100,ForwardPrepass,depth_prepass,forward,,total,0.00451,0.00483,0.00557,0.00489,0.00458,0.00467,0.00525,0.00541,1.01904,1.02426,1.02541,1.02241,1.01907,1.01930,1.02486,1.02531,0.00000,0.00000,0.00000,0.00000,0.00000,0.00000,0.00000,0.00000,1.02368,1.02902,1.03062,1.02730,1.02387,1.02413,1.02976,1.03037
geometry_sweep_alu,0,17,17,geometry_sweep_alu,,C:\Users\mgkim15\AppData\Local\Temp\tvbperf_jt9bgt7n\run_00017.csv,2,no-variant-name,1,0,assets/scenes/unpacked/main_sponza/NewSponza_Main_glTF_003.gltf,600,120,1,1280,720,0,0,0,-10,0,0,0,0.1,1000,0.11,8,1,1,0,-1,1,1,0.5,4,1,1,256,1,100,ForwardPrepass,depth_prepass,forward,,total,0.00544,0.00576,0.00630,0.00581,0.00547,0.00554,0.00614,0.00630,1.01910,1.02464,1.03600,1.02536,1.01910,1.01926,1.03507,1.03536,0.00000,0.00000,0.00000,0.00000,0.00000,0.00000,0.00000,0.00000,1.02470,1.03040,1.04211,1.03117,1.02474,1.02493,1.04083,1.04106
geometry_sweep_alu,0,18,18,geometry_sweep_alu,,C:\Users\mgkim15\AppData\Local\Temp\tvbperf_jt9bgt7n\run_00018.csv,2,no-variant-name,1,0,assets/scenes/unpacked/main_sponza/NewSponza_Main_glTF_003.gltf,600,120,1,1280,720,0,0,0,-10,0,0,0,0.1,1000,0.11,16,1,1,0,-1,1,1,0.5,4,1,1,256,1,100,ForwardPrepass,depth_prepass,forward,,total,0.00797,0.00826,0.00886,0.00831,0.00800,0.00810,0.00864,0.00886,1.01907,1.02042,1.02557,1.02223,1.01910,1.01936,1.02531,1.02547,0.00000,0.00000,0.00000,0.00000,0.00000,0.00000,0.00000,0.00000,1.02733,1.02880,1.03411,1.03054,1.02739,1.02758,1.03363,1.03395
geometry_sweep_alu,0,19,19,geometry_sweep_alu,,C:\Users\mgkim15\AppData\Local\Temp\tvbperf_jt9bgt7n\run_00019.csv,2,no-variant-name,1,0,assets/scenes/unpacked/main_sponza/NewSponza_Main_glTF_003.gltf,600,120,1,1280,720,0,0,0,-10,0,0,0,0.1,1000,0.11,32,1,1,0,-1,1,1,0.5,4,1,1,256,1,100,ForwardPrepass,depth_prepass,forward,,total,0.01363,0.01402,0.01616,0.01403,0.01363,0.01373,0.01434,0.01450,1.01958,1.02541,1.03654,1.02644,1.01974,1.02013,1.03590,1.03645,0.00000,0.00000,0.00000,0.00000,0.00000,0.00000,0.00000,0.00000,1.03334,1.03939,1.05075,1.04047,1.03360,1.03408,1.05011,1.05066
geometry_sweep_alu,0,20,20,geometry_sweep_alu,,C:\Users\mgkim15\AppData\Local\Temp\tvbperf_jt9bgt7n\run_00020.csv,2,no-variant-name,1,0,assets/scenes/unpacked/main_sponza/NewSponza_Main_glTF_003.gltf,600,120,1,1280,720,0,0,0,-10,0,0,0,0.1,1000,0.11,64,1,1,0,-1,1,1,0.5,4,1,1,256,1,100,ForwardPrepass,depth_prepass,forward,,total,0.02448,0.02470,0.02531,0.02474,0.02448,0.02458,0.02496,0.02518,1.02006,1.02086,1.02592,1.02282,1.02010,1.02026,1.02570,1.02589,0.00000,0.00000,0.00000,0.00000,0.00000,0.00000,0.00000,0.00000,1.04477,1.04557,1.05098,1.04756,1.04477,1.04496,1.05053,1.05085
geometry_sweep_alu,0,21,21,geometry_sweep_alu,,C:\Users\mgkim15\AppData\Local\Temp\tvbperf_jt9bgt7n\run_00021.csv,2,no-variant-name,1,0,assets/scenes/unpacked/main_sponza/NewSponza_Main_glTF_003.gltf,600,120,1,1280,720,0,0,0,-10,0,0,0,0.1,1000,0.11,128,1,1,0,-1,1,1,0.5,4,1,1,256,1,100,ForwardPrepass,depth_prepass,forward,,total,0.04611,0.04646,0.04701,0.04651,0.04614,0.04624,0.04682,0.04701,1.02051,1.02125,1.02704,1.02315,1.02054,1.02064,1.02650,1.02701,0.00000,0.00000,0.00000,0.00000,0.00000,0.00000,0.00000,0.00000,1.06675,1.06787,1.07360,1.06966,1.06685,1.06710,1.07302,1.07331
geometry_sweep_alu,0,22,22,geometry_sweep_alu,,C:\Users\mgkim15\AppData\Local\Temp\tvbperf_jt9bgt7n\run_00022.csv,2,no-variant-name,1,0,assets/scenes/unpacked/main_sponza/NewSponza_Main_glTF_003.gltf,600,120,1,1280,720,0,0,0,-10,0,0,0,0.1,1000,0.11,256,1,1,0,-1,1,1,0.5,4,1,1,256,1,100,ForwardPrepass,depth_prepass,forward,,total,0.09043,0.09069,0.11523,0.09101,0.09046,0.09050,0.09136,0.09283,1.02026,1.02550,1.02678,1.02344,1.02029,1.02048,1.02608,1.02646,0.00000,0.00000,0.00000,0.00000,0.00000,0.00000,0.00000,0.00000,1.11082,1.11606,1.14093,1.11445,1.11094,1.11114,1.11715,1.11891
geometry_sweep_alu,0,23,23,geometry_sweep_alu,,C:\Users\mgkim15\AppData\Local\Temp\tvbperf_jt9bgt7n\run_00023.csv,2,no-variant-name,1,0,assets/scenes/unpacked/main_sponza/NewSponza_Main_glTF_003.gltf,600,120,1,1280,720,0,0,0,-10,0,0,0,0.1,1000,0.11,512,1,1,0,-1,1,1,0.5,4,1,1,256,1,100,ForwardPrepass,depth_prepass,forward,,total,0.17994,0.18022,0.18102,0.18031,0.17997,0.18006,0.18070,0.18096,1.02675,1.02890,1.03043,1.02863,1.02678,1.02726,1.02960,1.03008,0.00000,0.00000,0.00000,0.00000,0.00000,0.00000,0.00000,0.00000,1.20675,1.20918,1.21117,1.20894,1.20714,1.20762,1.20998,1.21082
geometry_sweep_alu,0,24,24,geometry_sweep_alu,,C:\Users\mgkim15\AppData\Local\Temp\tvbperf_jt9bgt7n\run_00024.csv,2,no-variant-name,1,0,assets/scenes/unpacked/main_sponza/NewSponza_Main_glTF_003.gltf,600,120,1,1280,720,0,0,0,-10,0,0,0,0.1,1000,0.11,1024,1,1,0,-1,1,1,0.5,4,1,1,256,1,100,ForwardPrepass,depth_prepass,forward,,total,0.35888,0.35914,0.35974,0.35917,0.35888,0.35898,0.35942,0.35968,1.18826,1.19210,1.19424,1.19126,1.18845,1.18880,1.19350,1.19402,0.00000,0.00000,0.00000,0.00000,0.00000,0.00000,0.00000,0.00000,1.54714,1.55104,1.55363,1.55043,1.54752,1.54800,1.55264,1.55318
geometry_sweep_alu,0,25,25,geometry_sweep_alu,,C:\Users\mgkim15\AppData\Local\Temp\tvbperf_jt9bgt7n\run_00025.csv,2,no-variant-name,1,0,assets/scenes/unpacked/main_sponza/NewSponza_Main_glTF_003.gltf,600,120,1,1280,720,0,0,0,-10,0,0,0,0.1,1000,0.11,2048,1,1,0,-1,1,1,0.5,4,1,1,256,1,100,ForwardPrepass,depth_prepass,forward,,total,0.71373,0.71418,0.71507,0.71419,0.71373,0.71389,0.71456,0.71485,1.51037,1.51610,1.51773,1.51446,1.51040,1.51075,1.51699,1.51750,0.00000,0.00000,0.00000,0.00000,0.00000,0.00000,0.00000,0.00000,2.22422,2.23021,2.23194,2.22865,2.22432,2.22496,2.23142,2.23190
geometry_sweep_alu,0,26,26,geometry_sweep_alu,,C:\Users\mgkim15\AppData\Local\Temp\tvbperf_jt9bgt7n\run_00026.csv,2,no-variant-name,1,0,assets/scenes/unpacked/main_sponza/NewSponza_Main_glTF_003.gltf,600,120,1,1280,720,0,0,0,-10,0,0,0,0.1,1000,0.11,4096,1,1,0,-1,1,1,0.5,4,1,1,256,1,100,ForwardPrepass,depth_prepass,forward,,total,1.42333,1.42394,1.42531,1.42398,1.42336,1.42352,1.42461,1.42528,2.17251,2.17747,2.19776,2.17813,2.17258,2.17510,2.18102,2.18560,0.00000,0.00000,0.00000,0.00000,0.00000,0.00000,0.00000,0.00000,3.59587,3.60163,3.62189,3.60211,3.59590,3.59904,3.60541,3.60944
geometry_sweep_alu,0,27,27,geometry_sweep_alu,,C:\Users\mgkim15\AppData\Local\Temp\tvbperf_jt9bgt7n\run_00027.csv,2,no-variant-name,1,0,assets/scenes/unpacked/main_sponza/NewSponza_Main_glTF_003.gltf,600,120,1,1280,720,0,0,0,-10,0,0,0,0.1,1000,0.11,8192,1,1,0,-1,1,1,0.5,4,1,1,256,1,100,ForwardPrepass,depth_prepass,forward,,total,2.83046,2.83181,2.83325,2.83184,2.83062,2.83101,2.83274,2.83322,3.60842,3.62282,3.63818,3.62255,3.61184,3.61658,3.62765,3.63258,0.00000,0.00000,0.00000,0.00000,0.00000,0.00000,0.00000,0.00000,6.44141,6.45482,6.46890,6.45439,6.44400,6.44826,6.46022,6.46387
geometry_sweep_alu,0,28,28,geometry_sweep_alu,,C:\Users\mgkim15\AppData\Local\Temp\tvbperf_jt9bgt7n\run_00028.csv,4,no-variant-name,1,0,assets/scenes/unpacked/main_sponza/NewSponza_Main_glTF_003.gltf,600,120,1,1280,720,0,0,0,-10,0,0,0,0.1,1000,0.11,1,1,1,0,-1,1,1,0.5,4,1,1,256,1,100,VisBuf,visibility,resolve,,total,0.01123,0.01242,0.01267,0.01221,0.01126,0.01142,0.01258,0.01267,1.00330,1.01731,1.01853,1.01471,1.00336,1.00368,1.01789,1.01850,0.00000,0.00000,0.00000,0.00000,0.00000,0.00000,0.00000,0.00000,1.01469,1.02966,1.03098,1.02693,1.01469,1.01568,1.03034,1.03094
geometry_sweep_alu,0,29,29,geometry_sweep_alu,,C:\Users\mgkim15\AppData\Local\Temp\tvbperf_jt9bgt7n\run_00029.csv,4,no-variant-name,1,0,assets/scenes/unpacked/main_sponza/NewSponza_Main_glTF_003.gltf,600,120,1,1280,720,0,0,0,-10,0,0,0,0.1,1000,0.11,2,1,1,0,-1,1,1,0.5,4,1,1,256,1,100,VisBuf,visibility,resolve,,total,0.01120,0.01142,0.01203,0.01150,0.01123,0.01130,0.01181,0.01200,1.00326,1.01690,1.02826,1.01560,1.00330,1.00426,1.02742,1.02787,0.00000,0.00000,0.00000,0.00000,0.00000,0.00000,0.00000,0.00000,1.01466,1.02819,1.03965,1.02710,1.01475,1.01587,1.03891,1.03946
geometry_sweep_alu,0,30,30,geometry_sweep_alu,,C:\Users\mgkim15\AppData\Local\Temp\tvbperf_jt9bgt7n\run_00030.csv,4,no-variant-name,1,0,assets/scenes/unpacked/main_sponza/NewSponza_Main_glTF_003.gltf,600,120,1,1280,720,0,0,0,-10,0,0,0,0.1,1000,0.11,4,1,1,0,-1,1,1,0.5,4,1,1,256,1,100,VisBuf,visibility,resolve,,total,0.01123,0.01146,0.01213,0.01152,0.01123,0.01133,0.01187,0.01194,1.00355,1.01738,1.01859,1.01709,1.00365,1.01696,1.01802,1.01859,0.00000,0.00000,0.00000,0.00000,0.00000,0.00000,0.00000,0.00000,1.01488,1.02886,1.03034,1.02861,1.01533,1.02838,1.02960,1.03008
geometry_sweep_alu,0,31,31,geometry_sweep_alu,,C:\Users\mgkim15\AppData\Local\Temp\tvbperf_jt9bgt7n\run_00031.csv,4,no-variant-name,1,0,assets/scenes/unpacked/main_sponza/NewSponza_Main_glTF_003.gltf,600,120,1,1280,720,0,0,0,-10,0,0,0,0.1,1000,0.11,8,1,1,0,-1,1,1,0.5,4,1,1,256,1,100,VisBuf,visibility,resolve,,total,0.01126,0.01152,0.01203,0.01159,0.01126,0.01136,0.01187,0.01200,1.00307,1.01379,1.02896,1.01640,1.00314,1.01322,1.02787,1.02851,0.00000,0.00000,0.00000,0.00000,0.00000,0.00000,0.00000,0.00000,1.01434,1.02550,1.04074,1.02799,1.01462,1.02464,1.03955,1.04026
geometry_sweep_alu,0,32,32,geometry_sweep_alu,,C:\Users\mgkim15\AppData\Local\Temp\tvbperf_jt9bgt7n\run_00032.csv,4,no-variant-name,1,0,assets/scenes/unpacked/main_sponza/NewSponza_Main_glTF_003.gltf,600,120,1,1280,720,0,0,0,-10,0,0,0,0.1,1000,0.11,16,1,1,0,-1,1,1,0.5,4,1,1,256,1,100,VisBuf,visibility,resolve,,total,0.01226,0.01270,0.01392,0.01272,0.01229,0.01242,0.01312,0.01338,1.00307,1.01699,1.01856,1.01371,1.00314,1.00342,1.01779,1.01824,0.00000,0.00000,0.00000,0.00000,0.00000,0.00000,0.00000,0.00000,1.01578,1.02960,1.03117,1.02643,1.01610,1.01645,1.03043,1.03104
geometry_sweep_alu,0,33,33,geometry_sweep_alu,,C:\Users\mgkim15\AppData\Local\Temp\tvbperf_jt9bgt7n\run_00033.csv,4,no-variant-name,1,0,assets/scenes/unpacked/main_sponza/NewSponza_Main_glTF_003.gltf,600,120,1,1280,720,0,0,0,-10,0,0,0,0.1,1000,0.11,32,1,1,0,-1,1,1,0.5,4,1,1,256,1,100,VisBuf,visibility,resolve,,total,0.01821,0.01872,0.01939,0.01872,0.01824,0.01837,0.01907,0.01923,1.00275,1.01680,1.01846,1.01026,1.00282,1.00301,1.01715,1.01840,0.00000,0.00000,0.00000,0.00000,0.00000,0.00000,0.00000,0.00000,1.02157,1.03510,1.03725,1.02898,1.02160,1.02189,1.03574,1.03706
geometry_sweep_alu,0,34,34,geometry_sweep_alu,,C:\Users\mgkim15\AppData\Local\Temp\tvbperf_jt9bgt7n\run_00034.csv,4,no-variant-name,1,0,assets/scenes/unpacked/main_sponza/NewSponza_Main_glTF_003.gltf,600,120,1,1280,720,0,0,0,-10,0,0,0,0.1,1000,0.11,64,1,1,0,-1,1,1,0.5,4,1,1,256,1,100,VisBuf,visibility,resolve,,total,0.02899,0.02918,0.02995,0.02925,0.02899,0.02902,0.02966,0.02992,1.00032,1.01424,1.01510,1.01330,1.00045,1.01414,1.01462,1.01507,0.00000,0.00000,0.00000,0.00000,0.00000,0.00000,0.00000,0.00000,1.03005,1.04342,1.04432,1.04255,1.03024,1.04317,1.04394,1.04422
geometry_sweep_alu,0,35,35,geometry_sweep_alu,,C:\Users\mgkim15\AppData\Local\Temp\tvbperf_jt9bgt7n\run_00035.csv,4,no-variant-name,1,0,assets/scenes/unpacked/main_sponza/NewSponza_Main_glTF_003.gltf,600,120,1,1280,720,0,0,0,-10,0,0,0,0.1,1000,0.11,128,1,1,0,-1,1,1,0.5,4,1,1,256,1,100,VisBuf,visibility,resolve,,total,0.05066,0.05114,0.05181,0.05117,0.05075,0.05088,0.05158,0.05174,1.00298,1.01690,1.01882,1.01507,1.00320,1.01414,1.01773,1.01827,0.00000,0.00000,0.00000,0.00000,0.00000,0.00000,0.00000,0.00000,1.05469,1.06794,1.07005,1.06624,1.05482,1.06509,1.06880,1.06986
geometry_sweep_alu,0,36,36,geometry_sweep_alu,,C:\Users\mgkim15\AppData\Local\Temp\tvbperf_jt9bgt7n\run_00036.csv,4,no-variant-name,1,0,assets/scenes/unpacked/main_sponza/NewSponza_Main_glTF_003.gltf,600,120,1,1280,720,0,0,0,-10,0,0,0,0.1,1000,0.11,256,1,1,0,-1,1,1,0.5,4,1,1,256,1,100,VisBuf,visibility,resolve,,total,0.09539,0.09578,0.09648,0.09577,0.09542,0.09555,0.09597,0.09619,1.00029,1.01421,1.01523,1.00887,1.00032,1.00045,1.01446,1.01514,0.00000,0.00000,0.00000,0.00000,0.00000,0.00000,0.00000,0.00000,1.09606,1.10982,1.11120,1.10464,1.09613,1.09629,1.11030,1.11098
geometry_sweep_alu,0,37,37,geometry_sweep_alu,,C:\Users\mgkim15\AppData\Local\Temp\tvbperf_jt9bgt7n\run_00037.csv,4,no-variant-name,1,0,assets/scenes/unpacked/main_sponza/NewSponza_Main_glTF_003.gltf,600,120,1,1280,720,0,0,0,-10,0,0,0,0.1,1000,0.11,512,1,1,0,-1,1,1,0.5,4,1,1,256,1,100,VisBuf,visibility,resolve,,total,0.18470,0.18502,0.18566,0.18505,0.18474,0.18486,0.18531,0.18557,1.00029,1.01427,1.01520,1.01307,1.00042,1.01414,1.01453,1.01507,0.00000,0.00000,0.00000,0.00000,0.00000,0.00000,0.00000,0.00000,1.18518,1.19930,1.20029,1.19812,1.18525,1.19894,1.19974,1.20019
geometry_sweep_alu,0,38,38,geometry_sweep_alu,,C:\Users\mgkim15\AppData\Local\Temp\tvbperf_jt9bgt7n\run_00038.csv,4,no-variant-name,1,0,assets/scenes/unpacked/main_sponza/NewSponza_Main_glTF_003.gltf,600,120,1,1280,720,0,0,0,-10,0,0,0,0.1,1000,0.11,1024,1,1,0,-1,1,1,0.5,4,1,1,256,1,100,VisBuf,visibility,resolve,,total,0.36077,0.36138,0.36208,0.36137,0.36083,0.36109,0.36166,0.36195,1.00032,1.01427,1.01501,1.01294,1.00038,1.01411,1.01443,1.01498,0.00000,0.00000,0.00000,0.00000,0.00000,0.00000,0.00000,0.00000,1.36150,1.37562,1.37651,1.37431,1.36163,1.37498,1.37600,1.37648
geometry_sweep_alu,0,39,39,geometry_sweep_alu,,C:\Users\mgkim15\AppData\Local\Temp\tvbperf_jt9bgt7n\run_00039.csv,4,no-variant-name,1,0,assets/scenes/unpacked/main_sponza/NewSponza_Main_glTF_003.gltf,600,120,1,1280,720,0,0,0,-10,0,0,0,0.1,1000,0.11,2048,1,1,0,-1,1,1,0.5,4,1,1,256,1,100,VisBuf,visibility,resolve,,total,0.71280,0.71344,0.71389,0.71339,0.71286,0.71312,0.71363,0.71382,1.00038,1.01424,1.01539,1.01286,1.00042,1.00154,1.01462,1.01517,0.00000,0.00000,0.00000,0.00000,0.00000,0.00000,0.00000,0.00000,1.71366,1.72768,1.72886,1.72625,1.71366,1.71491,1.72806,1.72870
geometry_sweep_alu,0,40,40,geometry_sweep_alu,,C:\Users\mgkim15\AppData\Local\Temp\tvbperf_jt9bgt7n\run_00040.csv,4,no-variant-name,1,0,assets/scenes/unpacked/main_sponza/NewSponza_Main_glTF_003.gltf,600,120,1,1280,720,0,0,0,-10,0,0,0,0.1,1000,0.11,4096,1,1,0,-1,1,1,0.5,4,1,1,256,1,100,VisBuf,visibility,resolve,,total,1.41597,1.41674,1.41789,1.41678,1.41600,1.41632,1.41741,1.41786,1.00032,1.00080,1.01485,1.00635,1.00038,1.00051,1.01434,1.01485,0.00000,0.00000,0.00000,0.00000,0.00000,0.00000,0.00000,0.00000,2.41664,2.41798,2.43178,2.42313,2.41677,2.41712,2.43133,2.43174
geometry_sweep_alu,0,41,41,geometry_sweep_alu,,C:\Users\mgkim15\AppData\Local\Temp\tvbperf_jt9bgt7n\run_00041.csv,4,no-variant-name,1,0,assets/scenes/unpacked/main_sponza/NewSponza_Main_glTF_003.gltf,600,120,1,1280,720,0,0,0,-10,0,0,0,0.1,1000,0.11,8192,1,1,0,-1,1,1,0.5,4,1,1,256,1,100,VisBuf,visibility,resolve,,total,2.82314,2.82499,2.82598,2.82494,2.82352,2.82429,2.82570,2.82595,1.00032,1.00064,1.01430,1.00123,1.00035,1.00042,1.00122,1.01427,0.00000,0.00000,0.00000,0.00000,0.00000,0.00000,0.00000,0.00000,3.82378,3.82570,3.83987,3.82617,3.82400,3.82480,3.82666,3.83981
geometry_sweep_alu,0,42,42,geometry_sweep_alu,,C:\Users\mgkim15\AppData\Local\Temp\tvbperf_jt9bgt7n\run_00042.csv,1,no-variant-name,1,0,assets/scenes/unpacked/main_sponza/NewSponza_Main_glTF_003.gltf,600,120,1,1280,720,0,0,0,-10,0,0,0,0.1,1000,0.11,1,1,1,1,-1,1,1,0.5,4,1,1,256,1,100,Forward,forward,,,total,1.01818,1.01904,1.02528,1.02118,1.01818,1.01843,1.02458,1.02502,0.00000,0.00000,0.00000,0.00000,0.00000,0.00000,0.00000,0.00000,0.00000,0.00000,0.00000,0.00000,0.00000,0.00000,0.00000,0.00000,1.01818,1.01904,1.02528,1.02118,1.01818,1.01843,1.02458,1.02502
geometry_sweep_alu,0,43,43,geometry_sweep_alu,,C:\Users\mgkim15\AppData\Local\Temp\tvbperf_jt9bgt7n\run_00043.csv,1,no-variant-name,1,0,assets/scenes/unpacked/main_sponza/NewSponza_Main_glTF_003.gltf,600,120,1,1280,720,0,0,0,-10,0,0,0,0.1,1000,0.11,2,1,1,1,-1,1,1,0.5,4,1,1,256,1,100,Forward,forward,,,total,1.01811,1.01968,1.02531,1.02152,1.01824,1.01862,1.02474,1.02512,0.00000,0.00000,0.00000,0.00000,0.00000,0.00000,0.00000,0.00000,0.00000,0.00000,0.00000,0.00000,0.00000,0.00000,0.00000,0.00000,1.01811,1.01968,1.02531,1.02152,1.01824,1.01862,1.02474,1.02512
geometry_sweep_alu,0,44,44,geometry_sweep_alu,,C:\Users\mgkim15\AppData\Local\Temp\tvbperf_jt9bgt7n\run_00044.csv,1,no-variant-name,1,0,assets/scenes/unpacked/main_sponza/NewSponza_Main_glTF_003.gltf,600,120,1,1280,720,0,0,0,-10,0,0,0,0.1,1000,0.11,4,1,1,1,-1,1,1,0.5,4,1,1,256,1,100,Forward,forward,,,total,1.01808,1.01917,1.02493,1.02137,1.01814,1.01850,1.02454,1.02490,0.00000,0.00000,0.00000,0.00000,0.00000,0.00000,0.00000,0.00000,0.00000,0.00000,0.00000,0.00000,0.00000,0.00000,0.00000,0.00000,1.01808,1.01917,1.02493,1.02137,1.01814,1.01850,1.02454,1.02490
geometry_sweep_alu,0,45,45,geometry_sweep_alu,,C:\Users\mgkim15\AppData\Local\Temp\tvbperf_jt9bgt7n\run_00045.csv,1,no-variant-name,1,0,assets/scenes/unpacked/main_sponza/NewSponza_Main_glTF_003.gltf,600,120,1,1280,720,0,0,0,-10,0,0,0,0.1,1000,0.11,8,1,1,1,-1,1,1,0.5,4,1,1,256,1,100,Forward,forward,,,total,1.01827,1.01971,1.02490,1.02143,1.01830,1.01850,1.02454,1.02480,0.00000,0.00000,0.00000,0.00000,0.00000,0.00000,0.00000,0.00000,0.00000,0.00000,0.00000,0.00000,0.00000,0.00000,0.00000,0.00000,1.01827,1.01971,1.02490,1.02143,1.01830,1.01850,1.02454,1.02480
geometry_sweep_alu,0,46,46,geometry_sweep_alu,,C:\Users\mgkim15\AppData\Local\Temp\tvbperf_jt9bgt7n\run_00046.csv,1,no-variant-name,1,0,assets/scenes/unpacked/main_sponza/NewSponza_Main_glTF_003.gltf,600,120,1,1280,720,0,0,0,-10,0,0,0,0.1,1000,0.11,16,1,1,1,-1,1,1,0.5,4,1,1,256,1,100,Forward,forward,,,total,1.01814,1.02374,1.02512,1.02189,1.01821,1.01866,1.02474,1.02499,0.00000,0.00000,0.00000,0.00000,0.00000,0.00000,0.00000,0.00000,0.00000,0.00000,0.00000,0.00000,0.00000,0.00000,0.00000,0.00000,1.01814,1.02374,1.02512,1.02189,1.01821,1.01866,1.02474,1.02499
geometry_sweep_alu,0,47,47,geometry_sweep_alu,,C:\Users\mgkim15\AppData\Local\Temp\tvbperf_jt9bgt7n\run_00047.csv,1,no-variant-name,1,0,assets/scenes/unpacked/main_sponza/NewSponza_Main_glTF_003.gltf,600,120,1,1280,720,0,0,0,-10,0,0,0,0.1,1000,0.11,32,1,1,1,-1,1,1,0.5,4,1,1,256,1,100,Forward,forward,,,total,1.01821,1.02371,1.02515,1.02170,1.01824,1.01837,1.02464,1.02493,0.00000,0.00000,0.00000,0.00000,0.00000,0.00000,0.00000,0.00000,0.00000,0.00000,0.00000,0.00000,0.00000,0.00000,0.00000,0.00000,1.01821,1.02371,1.02515,1.02170,1.01824,1.01837,1.02464,1.02493
geometry_sweep_alu,0,48,48,geometry_sweep_alu,,C:\Users\mgkim15\AppData\Local\Temp\tvbperf_jt9bgt7n\run_00048.csv,1,no-variant-name,1,0,assets/scenes/unpacked/main_sponza/NewSponza_Main_glTF_003.gltf,600,120,1,1280,720,0,0,0,-10,0,0,0,0.1,1000,0.11,64,1,1,1,-1,1,1,0.5,4,1,1,256,1,100,Forward,forward,,,total,1.01834,1.01907,1.02557,1.02126,1.01834,1.01859,1.02470,1.02502,0.00000,0.00000,0.00000,0.00000,0.00000,0.00000,0.00000,0.00000,0.00000,0.00000,0.00000,0.00000,0.00000,0.00000,0.00000,0.00000,1.01834,1.01907,1.02557,1.02126,1.01834,1.01859,1.02470,1.02502
geometry_sweep_alu,0,49,49,geometry_sweep_alu,,C:\Users\mgkim15\AppData\Local\Temp\tvbperf_jt9bgt7n\run_00049.csv,1,no-variant-name,1,0,assets/scenes/unpacked/main_sponza/NewSponza_Main_glTF_003.gltf,600,120,1,1280,720,0,0,0,-10,0,0,0,0.1,1000,0.11,128,1,1,1,-1,1,1,0.5,4,1,1,256,1,100,Forward,forward,,,total,1.01827,1.01952,1.02522,1.02156,1.01834,1.01862,1.02464,1.02496,0.00000,0.00000,0.00000,0.00000,0.00000,0.00000,0.00000,0.00000,0.00000,0.00000,0.00000,0.00000,0.00000,0.00000,0.00000,0.00000,1.01827,1.01952,1.02522,1.02156,1.01834,1.01862,1.02464,1.02496
geometry_sweep_alu,0,50,50,geometry_sweep_alu,,C:\Users\mgkim15\AppData\Local\Temp\tvbperf_jt9bgt7n\run_00050.csv,1,no-variant-name,1,0,assets/scenes/unpacked/main_sponza/NewSponza_Main_glTF_003.gltf,600,120,1,1280,720,0,0,0,-10,0,0,0,0.1,1000,0.11,256,1,1,1,-1,1,1,0.5,4,1,1,256,1,100,Forward,forward,,,total,1.01830,1.01917,1.02528,1.02127,1.01850,1.01866,1.02464,1.02518,0.00000,0.00000,0.00000,0.00000,0.00000,0.00000,0.00000,0.00000,0.00000,0.00000,0.00000,0.00000,0.00000,0.00000,0.00000,0.00000,1.01830,1.01917,1.02528,1.02127,1.01850,1.01866,1.02464,1.02518
geometry_sweep_alu,0,51,51,geometry_sweep_alu,,C:\Users\mgkim15\AppData\Local\Temp\tvbperf_jt9bgt7n\run_00051.csv,1,no-variant-name,1,0,assets/scenes/unpacked/main_sponza/NewSponza_Main_glTF_003.gltf,600,120,1,1280,720,0,0,0,-10,0,0,0,0.1,1000,0.11,512,1,1,1,-1,1,1,0.5,4,1,1,256,1,100,Forward,forward,,,total,1.04925,1.05056,1.05203,1.05056,1.04931,1.04966,1.05139,1.05165,0.00000,0.00000,0.00000,0.00000,0.00000,0.00000,0.00000,0.00000,0.00000,0.00000,0.00000,0.00000,0.00000,0.00000,0.00000,0.00000,1.04925,1.05056,1.05203,1.05056,1.04931,1.04966,1.05139,1.05165
geometry_sweep_alu,0,52,52,geometry_sweep_alu,,C:\Users\mgkim15\AppData\Local\Temp\tvbperf_jt9bgt7n\run_00052.csv,1,no-variant-name,1,0,assets/scenes/unpacked/main_sponza/NewSponza_Main_glTF_003.gltf,600,120,1,1280,720,0,0,0,-10,0,0,0,0.1,1000,0.11,1024,1,1,1,-1,1,1,0.5,4,1,1,256,1,100,Forward,forward,,,total,1.20934,1.21190,1.21552,1.21177,1.20950,1.21014,1.21296,1.21526,0.00000,0.00000,0.00000,0.00000,0.00000,0.00000,0.00000,0.00000,0.00000,0.00000,0.00000,0.00000,0.00000,0.00000,0.00000,0.00000,1.20934,1.21190,1.21552,1.21177,1.20950,1.21014,1.21296,1.21526
geometry_sweep_alu,0,53,53,geometry_sweep_alu,,C:\Users\mgkim15\AppData\Local\Temp\tvbperf_jt9bgt7n\run_00053.csv,1,no-variant-name,1,0,assets/scenes/unpacked/main_sponza/NewSponza_Main_glTF_003.gltf,600,120,1,1280,720,0,0,0,-10,0,0,0,0.1,1000,0.11,2048,1,1,1,-1,1,1,0.5,4,1,1,256,1,100,Forward,forward,,,total,1.54307,1.54822,1.54954,1.54722,1.54349,1.54390,1.54883,1.54938,0.00000,0.00000,0.00000,0.00000,0.00000,0.00000,0.00000,0.00000,0.00000,0.00000,0.00000,0.00000,0.00000,0.00000,0.00000,0.00000,1.54307,1.54822,1.54954,1.54722,1.54349,1.54390,1.54883,1.54938
geometry_sweep_alu,0,54,54,geometry_sweep_alu,,C:\Users\mgkim15\AppData\Local\Temp\tvbperf_jt9bgt7n\run_00054.csv,1,no-variant-name,1,0,assets/scenes/unpacked/main_sponza/NewSponza_Main_glTF_003.gltf,600,120,1,1280,720,0,0,0,-10,0,0,0,0.1,1000,0.11,4096,1,1,1,-1,1,1,0.5,4,1,1,256,1,100,Forward,forward,,,total,2.24691,2.25235,2.26083,2.25138,2.24710,2.24758,2.25309,2.25350,0.00000,0.00000,0.00000,0.00000,0.00000,0.00000,0.00000,0.00000,0.00000,0.00000,0.00000,0.00000,0.00000,0.00000,0.00000,0.00000,2.24691,2.25235,2.26083,2.25138,2.24710,2.24758,2.25309,2.25350
geometry_sweep_alu,0,55,55,geometry_sweep_alu,,C:\Users\mgkim15\AppData\Local\Temp\tvbperf_jt9bgt7n\run_00055.csv,1,no-variant-name,1,0,assets/scenes/unpacked/main_sponza/NewSponza_Main_glTF_003.gltf,600,120,1,1280,720,0,0,0,-10,0,0,0,0.1,1000,0.11,8192,1,1,1,-1,1,1,0.5,4,1,1,256,1,100,Forward,forward,,,total,3.65478,3.66000,3.66160,3.65902,3.65491,3.65539,3.66077,3.66122,0.00000,0.00000,0.00000,0.00000,0.00000,0.00000,0.00000,0.00000,0.00000,0.00000,0.00000,0.00000,0.00000,0.00000,0.00000,0.00000,3.65478,3.66000,3.66160,3.65902,3.65491,3.65539,3.66077,3.66122
geometry_sweep_alu,0,56,56,geometry_sweep_alu,,C:\Users\mgkim15\AppData\Local\Temp\tvbperf_jt9bgt7n\run_00056.csv,2,no-variant-name,1,0,assets/scenes/unpacked/main_sponza/NewSponza_Main_glTF_003.gltf,600,120,1,1280,720,0,0,0,-10,0,0,0,0.1,1000,0.11,1,1,1,1,-1,1,1,0.5,4,1,1,256,1,100,ForwardPrepass,depth_prepass,forward,,total,0.00355,0.00486,0.00515,0.00472,0.00358,0.00406,0.00509,0.00512,1.01606,1.01690,1.02294,1.01908,1.01610,1.01642,1.02253,1.02272,0.00000,0.00000,0.00000,0.00000,0.00000,0.00000,0.00000,0.00000,1.01994,1.02186,1.02794,1.02380,1.01994,1.02070,1.02736,1.02784
geometry_sweep_alu,0,57,57,geometry_sweep_alu,,C:\Users\mgkim15\AppData\Local\Temp\tvbperf_jt9bgt7n\run_00057.csv,2,no-variant-name,1,0,assets/scenes/unpacked/main_sponza/NewSponza_Main_glTF_003.gltf,600,120,1,1280,720,0,0,0,-10,0,0,0,0.1,1000,0.11,2,1,1,1,-1,1,1,0.5,4,1,1,256,1,100,ForwardPrepass,depth_prepass,forward,,total,0.00394,0.00419,0.00483,0.00422,0.00397,0.00403,0.00454,0.00480,1.01600,1.01674,1.02275,1.01840,1.01616,1.01638,1.02234,1.02269,0.00000,0.00000,0.00000,0.00000,0.00000,0.00000,0.00000,0.00000,1.02019,1.02093,1.02723,1.02262,1.02029,1.02058,1.02653,1.02710
geometry_sweep_alu,0,58,58,geometry_sweep_alu,,C:\Users\mgkim15\AppData\Local\Temp\tvbperf_jt9bgt7n\run_00058.csv,2,no-variant-name,1,0,assets/scenes/unpacked/main_sponza/NewSponza_Main_glTF_003.gltf,600,120,1,1280,720,0,0,0,-10,0,0,0,0.1,1000,0.11,4,1,1,1,-1,1,1,0.5,4,1,1,256,1,100,ForwardPrepass,depth_prepass,forward,,total,0.00435,0.00483,0.00557,0.00491,0.00458,0.00467,0.00528,0.00550,1.01610,1.02144,1.02291,1.01946,1.01619,1.01648,1.02259,1.02282,0.00000,0.00000,0.00000,0.00000,0.00000,0.00000,0.00000,0.00000,1.02086,1.02608,1.02790,1.02437,1.02093,1.02131,1.02765,1.02790
geometry_sweep_alu,0,59,59,geometry_sweep_alu,,C:\Users\mgkim15\AppData\Local\Temp\tvbperf_jt9bgt7n\run_00059.csv,2,no-variant-name,1,0,assets/scenes/unpacked/main_sponza/NewSponza_Main_glTF_003.gltf,600,120,1,1280,720,0,0,0,-10,0,0,0,0.1,1000,0.11,8,1,1,1,-1,1,1,0.5,4,1,1,256,1,100,ForwardPrepass,depth_prepass,forward,,total,0.00547,0.00570,0.00624,0.00576,0.00547,0.00554,0.00611,0.00621,1.01616,1.01693,1.02275,1.01910,1.01635,1.01661,1.02250,1.02272,0.00000,0.00000,0.00000,0.00000,0.00000,0.00000,0.00000,0.00000,1.02163,1.02285,1.02880,1.02486,1.02202,1.02221,1.02832,1.02861
geometry_sweep_alu,0,60,60,geometry_sweep_alu,,C:\Users\mgkim15\AppData\Local\Temp\tvbperf_jt9bgt7n\run_00060.csv,2,no-variant-name,1,0,assets/scenes/unpacked/main_sponza/NewSponza_Main_glTF_003.gltf,600,120,1,1280,720,0,0,0,-10,0,0,0,0.1,1000,0.11,16,1,1,1,-1,1,1,0.5,4,1,1,256,1,100,ForwardPrepass,depth_prepass,forward,,total,0.00794,0.00816,0.00877,0.00822,0.00794,0.00803,0.00861,0.00877,1.01642,1.01686,1.02346,1.01916,1.01645,1.01661,1.02259,1.02323,0.00000,0.00000,0.00000,0.00000,0.00000,0.00000,0.00000,0.00000,1.02451,1.02518,1.03184,1.02737,1.02454,1.02470,1.03088,1.03162
geometry_sweep_alu,0,61,61,geometry_sweep_alu,,C:\Users\mgkim15\AppData\Local\Temp\tvbperf_jt9bgt7n\run_00061.csv,2,no-variant-name,1,0,assets/scenes/unpacked/main_sponza/NewSponza_Main_glTF_003.gltf,600,120,1,1280,720,0,0,0,-10,0,0,0,0.1,1000,0.11,32,1,1,1,-1,1,1,0.5,4,1,1,256,1,100,ForwardPrepass,depth_prepass,forward,,total,0.01354,0.01382,0.01446,0.01387,0.01354,0.01363,0.01424,0.01443,1.01690,1.01750,1.02336,1.01988,1.01690,1.01706,1.02314,1.02333,0.00000,0.00000,0.00000,0.00000,0.00000,0.00000,0.00000,0.00000,1.03050,1.03152,1.03744,1.03376,1.03062,1.03082,1.03712,1.03738
geometry_sweep_alu,0,62,62,geometry_sweep_alu,,C:\Users\mgkim15\AppData\Local\Temp\tvbperf_jt9bgt7n\run_00062.csv,2,no-variant-name,1,0,assets/scenes/unpacked/main_sponza/NewSponza_Main_glTF_003.gltf,600,120,1,1280,720,0,0,0,-10,0,0,0,0.1,1000,0.11,64,1,1,1,-1,1,1,0.5,4,1,1,256,1,100,ForwardPrepass,depth_prepass,forward,,total,0.02435,0.02464,0.02538,0.02472,0.02438,0.02442,0.02509,0.02534,1.01725,1.02278,1.02384,1.02047,1.01738,1.01750,1.02355,1.02368,0.00000,0.00000,0.00000,0.00000,0.00000,0.00000,0.00000,0.00000,1.04179,1.04739,1.04902,1.04519,1.04182,1.04198,1.04838,1.04880
geometry_sweep_alu,0,63,63,geometry_sweep_alu,,C:\Users\mgkim15\AppData\Local\Temp\tvbperf_jt9bgt7n\run_00063.csv,2,no-variant-name,1,0,assets/scenes/unpacked/main_sponza/NewSponza_Main_glTF_003.gltf,600,120,1,1280,720,0,0,0,-10,0,0,0,0.1,1000,0.11,128,1,1,1,-1,1,1,0.5,4,1,1,256,1,100,ForwardPrepass,depth_prepass,forward,,total,0.04605,0.04634,0.04701,0.04637,0.04608,0.04611,0.04666,0.04694,1.01763,1.01846,1.02413,1.02069,1.01782,1.01802,1.02394,1.02413,0.00000,0.00000,0.00000,0.00000,0.00000,0.00000,0.00000,0.00000,1.06394,1.06502,1.07085,1.06706,1.06397,1.06426,1.07037,1.07075
geometry_sweep_alu,0,64,64,geometry_sweep_alu,,C:\Users\mgkim15\AppData\Local\Temp\tvbperf_jt9bgt7n\run_00064.csv,2,no-variant-name,1,0,assets/scenes/unpacked/main_sponza/NewSponza_Main_glTF_003.gltf,600,120,1,1280,720,0,0,0,-10,0,0,0,0.1,1000,0.11,256,1,1,1,-1,1,1,0.5,4,1,1,256,1,100,ForwardPrepass,depth_prepass,forward,,total,0.09014,0.09034,0.09315,0.09044,0.09014,0.09021,0.09085,0.09110,1.01766,1.02298,1.02432,1.02097,1.01770,1.01792,1.02390,1.02422,0.00000,0.00000,0.00000,0.00000,0.00000,0.00000,0.00000,0.00000,1.10806,1.11322,1.11677,1.11141,1.10810,1.10826,1.11424,1.11501
geometry_sweep_alu,0,65,65,geometry_sweep_alu,,C:\Users\mgkim15\AppData\Local\Temp\tvbperf_jt9bgt7n\run_00065.csv,2,no-variant-name,1,0,assets/scenes/unpacked/main_sponza/NewSponza_Main_glTF_003.gltf,600,120,1,1280,720,0,0,0,-10,0,0,0,0.1,1000,0.11,512,1,1,1,-1,1,1,0.5,4,1,1,256,1,100,ForwardPrepass,depth_prepass,forward,,total,0.17955,0.17994,0.18051,0.17996,0.17955,0.17968,0.18029,0.18042,1.02477,1.02627,1.02771,1.02626,1.02483,1.02525,1.02730,1.02762,0.00000,0.00000,0.00000,0.00000,0.00000,0.00000,0.00000,0.00000,1.20448,1.20637,1.20774,1.20622,1.20470,1.20515,1.20730,1.20771
geometry_sweep_alu,0,66,66,geometry_sweep_alu,,C:\Users\mgkim15\AppData\Local\Temp\tvbperf_jt9bgt7n\run_00066.csv,2,no-variant-name,1,0,assets/scenes/unpacked/main_sponza/NewSponza_Main_glTF_003.gltf,600,120,1,1280,720,0,0,0,-10,0,0,0,0.1,1000,0.11,1024,1,1,1,-1,1,1,0.5,4,1,1,256,1,100,ForwardPrepass,depth_prepass,forward,,total,0.35814,0.35846,0.35910,0.35850,0.35814,0.35824,0.35882,0.35904,1.18582,1.19008,1.19146,1.18905,1.18589,1.18637,1.19098,1.19133,0.00000,0.00000,0.00000,0.00000,0.00000,0.00000,0.00000,0.00000,1.54426,1.54848,1.55018,1.54755,1.54448,1.54474,1.54950,1.54998
geometry_sweep_alu,0,67,67,geometry_sweep_alu,,C:\Users\mgkim15\AppData\Local\Temp\tvbperf_jt9bgt7n\run_00067.csv,2,no-variant-name,1,0,assets/scenes/unpacked/main_sponza/NewSponza_Main_glTF_003.gltf,600,120,1,1280,720,0,0,0,-10,0,0,0,0.1,1000,0.11,2048,1,1,1,-1,1,1,0.5,4,1,1,256,1,100,ForwardPrepass,depth_prepass,forward,,total,0.71424,0.71466,0.71533,0.71466,0.71427,0.71446,0.71485,0.71523,1.51050,1.51642,1.51843,1.51466,1.51056,1.51082,1.51718,1.51789,0.00000,0.00000,0.00000,0.00000,0.00000,0.00000,0.00000,0.00000,2.22506,2.23101,2.23290,2.22932,2.22512,2.22541,2.23190,2.23258
geometry_sweep_alu,0,68,68,geometry_sweep_alu,,C:\Users\mgkim15\AppData\Local\Temp\tvbperf_jt9bgt7n\run_00068.csv,2,no-variant-name,1,0,assets/scenes/unpacked/main_sponza/NewSponza_Main_glTF_003.gltf,600,120,1,1280,720,0,0,0,-10,0,0,0,0.1,1000,0.11,4096,1,1,1,-1,1,1,0.5,4,1,1,256,1,100,ForwardPrepass,depth_prepass,forward,,total,1.42374,1.42442,1.42544,1.42447,1.42381,1.42403,1.42496,1.42515,2.17264,2.17776,2.19891,2.17821,2.17312,2.17549,2.18067,2.19059,0.00000,0.00000,0.00000,0.00000,0.00000,0.00000,0.00000,0.00000,3.59709,3.60227,3.62368,3.60268,3.59798,3.60016,3.60518,3.61552
geometry_sweep_alu,0,69,69,geometry_sweep_alu,,C:\Users\mgkim15\AppData\Local\Temp\tvbperf_jt9bgt7n\run_00069.csv,2,no-variant-name,1,0,assets/scenes/unpacked/main_sponza/NewSponza_Main_glTF_003.gltf,600,120,1,1280,720,0,0,0,-10,0,0,0,0.1,1000,0.11,8192,1,1,1,-1,1,1,0.5,4,1,1,256,1,100,ForwardPrepass,depth_prepass,forward,,total,2.83168,2.83293,2.83338,2.83286,2.83187,2.83264,2.83315,2.83338,3.61133,3.62262,3.64266,3.62319,3.61424,3.61747,3.62835,3.63872,0.00000,0.00000,0.00000,0.00000,0.00000,0.00000,0.00000,0.00000,6.44416,6.45562,6.47552,6.45605,6.44656,6.45050,6.46147,6.47149
geometry_sweep_alu,0,70,70,geometry_sweep_alu,,C:\Users\mgkim15\AppData\Local\Temp\tvbperf_jt9bgt7n\run_00070.csv,4,no-variant-name,1,0,assets/scenes/unpacked/main_sponza/NewSponza_Main_glTF_003.gltf,600,120,1,1280,720,0,0,0,-10,0,0,0,0.1,1000,0.11,1,1,1,1,-1,1,1,0.5,4,1,1,256,1,100,VisBuf,visibility,resolve,,total,0.01133,0.01226,0.01258,0.01213,0.01133,0.01155,0.01248,0.01254,1.01434,1.01459,1.01546,1.01466,1.01437,1.01446,1.01504,1.01542,0.00000,0.00000,0.00000,0.00000,0.00000,0.00000,0.00000,0.00000,1.02573,1.02688,1.02784,1.02679,1.02579,1.02618,1.02736,1.02774
geometry_sweep_alu,0,71,71,geometry_sweep_alu,,C:\Users\mgkim15\AppData\Local\Temp\tvbperf_jt9bgt7n\run_00071.csv,4,no-variant-name,1,0,assets/scenes/unpacked/main_sponza/NewSponza_Main_glTF_003.gltf,600,120,1,1280,720,0,0,0,-10,0,0,0,0.1,1000,0.11,2,1,1,1,-1,1,1,0.5,4,1,1,256,1,100,VisBuf,visibility,resolve,,total,0.01120,0.01136,0.01347,0.01144,0.01120,0.01123,0.01171,0.01184,1.00064,1.00099,1.01523,1.00332,1.00064,1.00083,1.01466,1.01501,0.00000,0.00000,0.00000,0.00000,0.00000,0.00000,0.00000,0.00000,1.01184,1.01251,1.02672,1.01476,1.01184,1.01206,1.02624,1.02653
geometry_sweep_alu,0,72,72,geometry_sweep_alu,,C:\Users\mgkim15\AppData\Local\Temp\tvbperf_jt9bgt7n\run_00072.csv,4,no-variant-name,1,0,assets/scenes/unpacked/main_sponza/NewSponza_Main_glTF_003.gltf,600,120,1,1280,720,0,0,0,-10,0,0,0,0.1,1000,0.11,4,1,1,1,-1,1,1,0.5,4,1,1,256,1,100,VisBuf,visibility,resolve,,total,0.01120,0.01142,0.01216,0.01149,0.01120,0.01133,0.01181,0.01210,1.01437,1.01462,1.01552,1.01470,1.01437,1.01450,1.01504,1.01546,0.00000,0.00000,0.00000,0.00000,0.00000,0.00000,0.00000,0.00000,1.02573,1.02611,1.02717,1.02618,1.02573,1.02586,1.02666,1.02698
geometry_sweep_alu,0,73,73,geometry_sweep_alu,,C:\Users\mgkim15\AppData\Local\Temp\tvbperf_jt9bgt7n\run_00073.csv,4,no-variant-name,1,0,assets/scenes/unpacked/main_sponza/NewSponza_Main_glTF_003.gltf,600,120,1,1280,720,0,0,0,-10,0,0,0,0.1,1000,0.11,8,1,1,1,-1,1,1,0.5,4,1,1,256,1,100,VisBuf,visibility,resolve,,total,0.01120,0.01146,0.01190,0.01148,0.01120,0.01123,0.01178,0.01184,1.00054,1.00093,1.02496,1.00484,1.00054,1.00070,1.01472,1.02490,0.00000,0.00000,0.00000,0.00000,0.00000,0.00000,0.00000,0.00000,1.01178,1.01251,1.03651,1.01632,1.01190,1.01206,1.02621,1.03648
geometry_sweep_alu,0,74,74,geometry_sweep_alu,,C:\Users\mgkim15\AppData\Local\Temp\tvbperf_jt9bgt7n\run_00074.csv,4,no-variant-name,1,0,assets/scenes/unpacked/main_sponza/NewSponza_Main_glTF_003.gltf,600,120,1,1280,720,0,0,0,-10,0,0,0,0.1,1000,0.11,16,1,1,1,-1,1,1,0.5,4,1,1,256,1,100,VisBuf,visibility,resolve,,total,0.01222,0.01258,0.01309,0.01257,0.01226,0.01235,0.01280,0.01302,1.00086,1.01466,1.01530,1.01458,1.01427,1.01453,1.01501,1.01526,0.00000,0.00000,0.00000,0.00000,0.00000,0.00000,0.00000,0.00000,1.01395,1.02726,1.02794,1.02715,1.02662,1.02698,1.02765,1.02790
geometry_sweep_alu,0,75,75,geometry_sweep_alu,,C:\Users\mgkim15\AppData\Local\Temp\tvbperf_jt9bgt7n\run_00075.csv,4,no-variant-name,1,0,assets/scenes/unpacked/main_sponza/NewSponza_Main_glTF_003.gltf,600,120,1,1280,720,0,0,0,-10,0,0,0,0.1,1000,0.11,32,1,1,1,-1,1,1,0.5,4,1,1,256,1,100,VisBuf,visibility,resolve,,total,0.01818,0.01875,0.01917,0.01871,0.01818,0.01840,0.01901,0.01917,1.00042,1.00109,1.01510,1.00631,1.00048,1.00077,1.01478,1.01504,0.00000,0.00000,0.00000,0.00000,0.00000,0.00000,0.00000,0.00000,1.01907,1.02003,1.03386,1.02502,1.01910,1.01949,1.03334,1.03373
geometry_sweep_alu,0,76,76,geometry_sweep_alu,,C:\Users\mgkim15\AppData\Local\Temp\tvbperf_jt9bgt7n\run_00076.csv,4,no-variant-name,1,0,assets/scenes/unpacked/main_sponza/NewSponza_Main_glTF_003.gltf,600,120,1,1280,720,0,0,0,-10,0,0,0,0.1,1000,0.11,64,1,1,1,-1,1,1,0.5,4,1,1,256,1,100,VisBuf,visibility,resolve,,total,0.02899,0.02918,0.02979,0.02928,0.02899,0.02906,0.02966,0.02976,1.00045,1.01456,1.01555,1.01416,1.00070,1.01427,1.01501,1.01546,0.00000,0.00000,0.00000,0.00000,0.00000,0.00000,0.00000,0.00000,1.03018,1.04381,1.04506,1.04344,1.03021,1.04342,1.04438,1.04499
geometry_sweep_alu,0,77,77,geometry_sweep_alu,,C:\Users\mgkim15\AppData\Local\Temp\tvbperf_jt9bgt7n\run_00077.csv,4,no-variant-name,1,0,assets/scenes/unpacked/main_sponza/NewSponza_Main_glTF_003.gltf,600,120,1,1280,720,0,0,0,-10,0,0,0,0.1,1000,0.11,128,1,1,1,-1,1,1,0.5,4,1,1,256,1,100,VisBuf,visibility,resolve,,total,0.05075,0.05104,0.05174,0.05112,0.05078,0.05085,0.05146,0.05165,1.00045,1.01469,1.01517,1.01218,1.00054,1.00102,1.01488,1.01514,0.00000,0.00000,0.00000,0.00000,0.00000,0.00000,0.00000,0.00000,1.05162,1.06566,1.06640,1.06330,1.05200,1.05245,1.06611,1.06634
geometry_sweep_alu,0,78,78,geometry_sweep_alu,,C:\Users\mgkim15\AppData\Local\Temp\tvbperf_jt9bgt7n\run_00078.csv,4,no-variant-name,1,0,assets/scenes/unpacked/main_sponza/NewSponza_Main_glTF_003.gltf,600,120,1,1280,720,0,0,0,-10,0,0,0,0.1,1000,0.11,256,1,1,1,-1,1,1,0.5,4,1,1,256,1,100,VisBuf,visibility,resolve,,total,0.09539,0.09584,0.09619,0.09584,0.09549,0.09565,0.09603,0.09610,1.00035,1.00096,1.01520,1.00497,1.00035,1.00048,1.01472,1.01517,0.00000,0.00000,0.00000,0.00000,0.00000,0.00000,0.00000,0.00000,1.09610,1.09677,1.11120,1.10080,1.09616,1.09635,1.11059,1.11091
geometry_sweep_alu,0,79,79,geometry_sweep_alu,,C:\Users\mgkim15\AppData\Local\Temp\tvbperf_jt9bgt7n\run_00079.csv,4,no-variant-name,1,0,assets/scenes/unpacked/main_sponza/NewSponza_Main_glTF_003.gltf,600,120,1,1280,720,0,0,0,-10,0,0,0,0.1,1000,0.11,512,1,1,1,-1,1,1,0.5,4,1,1,256,1,100,VisBuf,visibility,resolve,,total,0.18477,0.18499,0.18547,0.18499,0.18477,0.18483,0.18518,0.18541,1.00045,1.01466,1.01539,1.01383,1.00080,1.01424,1.01494,1.01520,0.00000,0.00000,0.00000,0.00000,0.00000,0.00000,0.00000,0.00000,1.18570,1.19958,1.20026,1.19882,1.18576,1.19914,1.19994,1.20022
geometry_sweep_alu,0,80,80,geometry_sweep_alu,,C:\Users\mgkim15\AppData\Local\Temp\tvbperf_jt9bgt7n\run_00080.csv,4,no-variant-name,1,0,assets/scenes/unpacked/main_sponza/NewSponza_Main_glTF_003.gltf,600,120,1,1280,720,0,0,0,-10,0,0,0,0.1,1000,0.11,1024,1,1,1,-1,1,1,0.5,4,1,1,256,1,100,VisBuf,visibility,resolve,,total,0.36106,0.36144,0.36211,0.36148,0.36109,0.36125,0.36179,0.36198,1.00045,1.01459,1.01546,1.01362,1.00067,1.01421,1.01501,1.01542,0.00000,0.00000,0.00000,0.00000,0.00000,0.00000,0.00000,0.00000,1.36182,1.37613,1.37686,1.37510,1.36202,1.37555,1.37651,1.37683
geometry_sweep_alu,0,81,81,geometry_sweep_alu,,C:\Users\mgkim15\AppData\Local\Temp\tvbperf_jt9bgt7n\run_00081.csv,4,no-variant-name,1,0,assets/scenes/unpacked/main_sponza/NewSponza_Main_glTF_003.gltf,600,120,1,1280,720,0,0,0,-10,0,0,0,0.1,1000,0.11,2048,1,1,1,-1,1,1,0.5,4,1,1,256,1,100,VisBuf,visibility,resolve,,total,0.71309,0.71344,0.71398,0.71345,0.71312,0.71322,0.71376,0.71392,1.00074,1.01475,1.01581,1.00998,1.00077,1.00106,1.01517,1.01552,0.00000,0.00000,0.00000,0.00000,0.00000,0.00000,0.00000,0.00000,1.71411,1.72816,1.72938,1.72342,1.71414,1.71443,1.72861,1.72899
geometry_sweep_alu,0,82,82,geometry_sweep_alu,,C:\Users\mgkim15\AppData\Local\Temp\tvbperf_jt9bgt7n\run_00082.csv,4,no-variant-name,1,0,assets/scenes/unpacked/main_sponza/NewSponza_Main_glTF_003.gltf,600,120,1,1280,720,0,0,0,-10,0,0,0,0.1,1000,0.11,4096,1,1,1,-1,1,1,0.5,4,1,1,256,1,100,VisBuf,visibility,resolve,,total,1.41712,1.41744,1.41808,1.41749,1.41712,1.41722,1.41789,1.41808,1.00054,1.00138,1.01552,1.00670,1.00067,1.00083,1.01507,1.01536,0.00000,0.00000,0.00000,0.00000,0.00000,0.00000,0.00000,0.00000,2.41782,2.41901,2.43315,2.42419,2.41789,2.41818,2.43251,2.43302
geometry_sweep_alu,0,83,83,geometry_sweep_alu,,C:\Users\mgkim15\AppData\Local\Temp\tvbperf_jt9bgt7n\run_00083.csv,4,no-variant-name,1,0,assets/scenes/unpacked/main_sponza/NewSponza_Main_glTF_003.gltf,600,120,1,1280,720,0,0,0,-10,0,0,0,0.1,1000,0.11,8192,1,1,1,-1,1,1,0.5,4,1,1,256,1,100,VisBuf,visibility,resolve,,total,2.82512,2.82573,2.82653,2.82569,2.82512,2.82534,2.82605,2.82627,1.00102,1.00176,1.01536,1.00187,1.00109,1.00144,1.00211,1.00246,0.00000,0.00000,0.00000,0.00000,0.00000,0.00000,0.00000,0.00000,3.82640,3.82749,3.84131,3.82757,3.82650,3.82694,3.82806,3.82858
geometry_sweep_alu,0,84,84,geometry_sweep_alu,,C:\Users\mgkim15\AppData\Local\Temp\tvbperf_jt9bgt7n\run_00084.csv,1,no-variant-name,1,0,assets/scenes/unpacked/main_sponza/NewSponza_Main_glTF_003.gltf,600,120,1,1280,720,0,0,0,-10,0,0,0,0.1,1000,0.11,1,1,1,2,-1,1,1,0.5,4,1,1,256,1,100,Forward,forward,,,total,1.01834,1.02445,1.04061,1.02480,1.01853,1.01882,1.03459,1.03562,0.00000,0.00000,0.00000,0.00000,0.00000,0.00000,0.00000,0.00000,0.00000,0.00000,0.00000,0.00000,0.00000,0.00000,0.00000,0.00000,1.01834,1.02445,1.04061,1.02480,1.01853,1.01882,1.03459,1.03562
geometry_sweep_alu,0,85,85,geometry_sweep_alu,,C:\Users\mgkim15\AppData\Local\Temp\tvbperf_jt9bgt7n\run_00085.csv,1,no-variant-name,1,0,assets/scenes/unpacked/main_sponza/NewSponza_Main_glTF_003.gltf,600,120,1,1280,720,0,0,0,-10,0,0,0,0.1,1000,0.11,2,1,1,2,-1,1,1,0.5,4,1,1,256,1,100,Forward,forward,,,total,1.01824,1.01930,1.02506,1.02144,1.01846,1.01872,1.02464,1.02506,0.00000,0.00000,0.00000,0.00000,0.00000,0.00000,0.00000,0.00000,0.00000,0.00000,0.00000,0.00000,0.00000,0.00000,0.00000,0.00000,1.01824,1.01930,1.02506,1.02144,1.01846,1.01872,1.02464,1.02506
geometry_sweep_alu,0,86,86,geometry_sweep_alu,,C:\Users\mgkim15\AppData\Local\Temp\tvbperf_jt9bgt7n\run_00086.csv,1,no-variant-name,1,0,assets/scenes/unpacked/main_sponza/NewSponza_Main_glTF_003.gltf,600,120,1,1280,720,0,0,0,-10,0,0,0,0.1,1000,0.11,4,1,1,2,-1,1,1,0.5,4,1,1,256,1,100,Forward,forward,,,total,1.01837,1.02445,1.04131,1.02374,1.01856,1.01878,1.02963,1.03910,0.00000,0.00000,0.00000,0.00000,0.00000,0.00000,0.00000,0.00000,0.00000,0.00000,0.00000,0.00000,0.00000,0.00000,0.00000,0.00000,1.01837,1.02445,1.04131,1.02374,1.01856,1.01878,1.02963,1.03910
geometry_sweep_alu,0,87,87,geometry_sweep_alu,,C:\Users\mgkim15\AppData\Local\Temp\tvbperf_jt9bgt7n\run_00087.csv,1,no-variant-name,1,0,assets/scenes/unpacked/main_sponza/NewSponza_Main_glTF_003.gltf,600,120,1,1280,720,0,0,0,-10,0,0,0,0.1,1000,0.11,8,1,1,2,-1,1,1,0.5,4,1,1,256,1,100,Forward,forward,,,total,1.01840,1.01952,1.02534,1.02158,1.01856,1.01875,1.02470,1.02518,0.00000,0.00000,0.00000,0.00000,0.00000,0.00000,0.00000,0.00000,0.00000,0.00000,0.00000,0.00000,0.00000,0.00000,0.00000,0.00000,1.01840,1.01952,1.02534,1.02158,1.01856,1.01875,1.02470,1.02518
geometry_sweep_alu,0,88,88,geometry_sweep_alu,,C:\Users\mgkim15\AppData\Local\Temp\tvbperf_jt9bgt7n\run_00088.csv,1,no-variant-name,1,0,assets/scenes/unpacked/main_sponza/NewSponza_Main_glTF_003.gltf,600,120,1,1280,720,0,0,0,-10,0,0,0,0.1,1000,0.11,16,1,1,2,-1,1,1,0.5,4,1,1,256,1,100,Forward,forward,,,total,1.01821,1.02406,1.03482,1.02236,1.01824,1.01862,1.02506,1.03414,0.00000,0.00000,0.00000,0.00000,0.00000,0.00000,0.00000,0.00000,0.00000,0.00000,0.00000,0.00000,0.00000,0.00000,0.00000,0.00000,1.01821,1.02406,1.03482,1.02236,1.01824,1.01862,1.02506,1.03414
geometry_sweep_alu,0,89,89,geometry_sweep_alu,,C:\Users\mgkim15\AppData\Local\Temp\tvbperf_jt9bgt7n\run_00089.csv,1,no-variant-name,1,0,assets/scenes/unpacked/main_sponza/NewSponza_Main_glTF_003.gltf,600,120,1,1280,720,0,0,0,-10,0,0,0,0.1,1000,0.11,32,1,1,2,-1,1,1,0.5,4,1,1,256,1,100,Forward,forward,,,total,1.01834,1.01936,1.02544,1.02157,1.01837,1.01859,1.02474,1.02531,0.00000,0.00000,0.00000,0.00000,0.00000,0.00000,0.00000,0.00000,0.00000,0.00000,0.00000,0.00000,0.00000,0.00000,0.00000,0.00000,1.01834,1.01936,1.02544,1.02157,1.01837,1.01859,1.02474,1.02531
geometry_sweep_alu,0,90,90,geometry_sweep_alu,,C:\Users\mgkim15\AppData\Local\Temp\tvbperf_jt9bgt7n\run_00090.csv,1,no-variant-name,1,0,assets/scenes/unpacked/main_sponza/NewSponza_Main_glTF_003.gltf,600,120,1,1280,720,0,0,0,-10,0,0,0,0.1,1000,0.11,64,1,1,2,-1,1,1,0.5,4,1,1,256,1,100,Forward,forward,,,total,1.01837,1.02387,1.03482,1.02201,1.01850,1.01888,1.02480,1.02522,0.00000,0.00000,0.00000,0.00000,0.00000,0.00000,0.00000,0.00000,0.00000,0.00000,0.00000,0.00000,0.00000,0.00000,0.00000,0.00000,1.01837,1.02387,1.03482,1.02201,1.01850,1.01888,1.02480,1.02522
geometry_sweep_alu,0,91,91,geometry_sweep_alu,,C:\Users\mgkim15\AppData\Local\Temp\tvbperf_jt9bgt7n\run_00091.csv,1,no-variant-name,1,0,assets/scenes/unpacked/main_sponza/NewSponza_Main_glTF_003.gltf,600,120,1,1280,720,0,0,0,-10,0,0,0,0.1,1000,0.11,128,1,1,2,-1,1,1,0.5,4,1,1,256,1,100,Forward,forward,,,total,1.01808,1.01930,1.02544,1.02135,1.01821,1.01862,1.02470,1.02515,0.00000,0.00000,0.00000,0.00000,0.00000,0.00000,0.00000,0.00000,0.00000,0.00000,0.00000,0.00000,0.00000,0.00000,0.00000,0.00000,1.01808,1.01930,1.02544,1.02135,1.01821,1.01862,1.02470,1.02515
geometry_sweep_alu,0,92,92,geometry_sweep_alu,,C:\Users\mgkim15\AppData\Local\Temp\tvbperf_jt9bgt7n\run_00092.csv,1,no-variant-name,1,0,assets/scenes/unpacked/main_sponza/NewSponza_Main_glTF_003.gltf,600,120,1,1280,720,0,0,0,-10,0,0,0,0.1,1000,0.11,256,1,1,2,-1,1,1,0.5,4,1,1,256,1,100,Forward,forward,,,total,1.01862,1.02426,1.02531,1.02209,1.01869,1.01894,1.02502,1.02522,0.00000,0.00000,0.00000,0.00000,0.00000,0.00000,0.00000,0.00000,0.00000,0.00000,0.00000,0.00000,0.00000,0.00000,0.00000,0.00000,1.01862,1.02426,1.02531,1.02209,1.01869,1.01894,1.02502,1.02522
geometry_sweep_alu,0,93,93,geometry_sweep_alu,,C:\Users\mgkim15\AppData\Local\Temp\tvbperf_jt9bgt7n\run_00093.csv,1,no-variant-name,1,0,assets/scenes/unpacked/main_sponza/NewSponza_Main_glTF_003.gltf,600,120,1,1280,720,0,0,0,-10,0,0,0,0.1,1000,0.11,512,1,1,2,-1,1,1,0.5,4,1,1,256,1,100,Forward,forward,,,total,1.04928,1.05088,1.05533,1.05094,1.04960,1.04995,1.05181,1.05526,0.00000,0.00000,0.00000,0.00000,0.00000,0.00000,0.00000,0.00000,0.00000,0.00000,0.00000,0.00000,0.00000,0.00000,0.00000,0.00000,1.04928,1.05088,1.05533,1.05094,1.04960,1.04995,1.05181,1.05526
geometry_sweep_alu,0,94,94,geometry_sweep_alu,,C:\Users\mgkim15\AppData\Local\Temp\tvbperf_jt9bgt7n\run_00094.csv,1,no-variant-name,1,0,assets/scenes/unpacked/main_sponza/NewSponza_Main_glTF_003.gltf,600,120,1,1280,720,0,0,0,-10,0,0,0,0.1,1000,0.11,1024,1,1,2,-1,1,1,0.5,4,1,1,256,1,100,Forward,forward,,,total,1.20989,1.21206,1.21680,1.21198,1.20995,1.21034,1.21338,1.21587,0.00000,0.00000,0.00000,0.00000,0.00000,0.00000,0.00000,0.00000,0.00000,0.00000,0.00000,0.00000,0.00000,0.00000,0.00000,0.00000,1.20989,1.21206,1.21680,1.21198,1.20995,1.21034,1.21338,1.21587
geometry_sweep_alu,0,95,95,geometry_sweep_alu,,C:\Users\mgkim15\AppData\Local\Temp\tvbperf_jt9bgt7n\run_00095.csv,1,no-variant-name,1,0,assets/scenes/unpacked/main_sponza/NewSponza_Main_glTF_003.gltf,600,120,1,1280,720,0,0,0,-10,0,0,0,0.1,1000,0.11,2048,1,1,2,-1,1,1,0.5,4,1,1,256,1,100,Forward,forward,,,total,1.54365,1.54838,1.55005,1.54715,1.54365,1.54406,1.54931,1.54973,0.00000,0.00000,0.00000,0.00000,0.00000,0.00000,0.00000,0.00000,0.00000,0.00000,0.00000,0.00000,0.00000,0.00000,0.00000,0.00000,1.54365,1.54838,1.55005,1.54715,1.54365,1.54406,1.54931,1.54973
geometry_sweep_alu,0,96,96,geometry_sweep_alu,,C:\Users\mgkim15\AppData\Local\Temp\tvbperf_jt9bgt7n\run_00096.csv,1,no-variant-name,1,0,assets/scenes/unpacked/main_sponza/NewSponza_Main_glTF_003.gltf,600,120,1,1280,720,0,0,0,-10,0,0,0,0.1,1000,0.11,4096,1,1,2,-1,1,1,0.5,4,1,1,256,1,100,Forward,forward,,,total,2.24720,2.25274,2.25424,2.25162,2.24723,2.24806,2.25341,2.25379,0.00000,0.00000,0.00000,0.00000,0.00000,0.00000,0.00000,0.00000,0.00000,0.00000,0.00000,0.00000,0.00000,0.00000,0.00000,0.00000,2.24720,2.25274,2.25424,2.25162,2.24723,2.24806,2.25341,2.25379
geometry_sweep_alu,0,97,97,geometry_sweep_alu,,C:\Users\mgkim15\AppData\Local\Temp\tvbperf_jt9bgt7n\run_00097.csv,1,no-variant-name,1,0,assets/scenes/unpacked/main_sponza/NewSponza_Main_glTF_003.gltf,600,120,1,1280,720,0,0,0,-10,0,0,0,0.1,1000,0.11,8192,1,1,2,-1,1,1,0.5,4,1,1,256,1,100,Forward,forward,,,total,3.65517,3.66074,3.66214,3.65971,3.65558,3.65613,3.66144,3.66182,0.00000,0.00000,0.00000,0.00000,0.00000,0.00000,0.00000,0.00000,0.00000,0.00000,0.00000,0.00000,0.00000,0.00000,0.00000,0.00000,3.65517,3.66074,3.66214,3.65971,3.65558,3.65613,3.66144,3.66182
geometry_sweep_alu,0,98,98,geometry_sweep_alu,,C:\Users\mgkim15\AppData\Local\Temp\tvbperf_jt9bgt7n\run_00098.csv,2,no-variant-name,1,0,assets/scenes/unpacked/main_sponza/NewSponza_Main_glTF_003.gltf,600,120,1,1280,720,0,0,0,-10,0,0,0,0.1,1000,0.11,1,1,1,2,-1,1,1,0.5,4,1,1,256,1,100,ForwardPrepass,depth_prepass,forward,,total,0.00362,0.00499,0.00528,0.00478,0.00362,0.00400,0.00512,0.00525,1.01610,1.01702,1.02666,1.01934,1.01626,1.01667,1.02275,1.02474,0.00000,0.00000,0.00000,0.00000,0.00000,0.00000,0.00000,0.00000,1.02048,1.02211,1.03178,1.02413,1.02058,1.02125,1.02765,1.02957
geometry_sweep_alu,0,99,99,geometry_sweep_alu,,C:\Users\mgkim15\AppData\Local\Temp\tvbperf_jt9bgt7n\run_00099.csv,2,no-variant-name,1,0,assets/scenes/unpacked/main_sponza/NewSponza_Main_glTF_003.gltf,600,120,1,1280,720,0,0,0,-10,0,0,0,0.1,1000,0.11,2,1,1,2,-1,1,1,0.5,4,1,1,256,1,100,ForwardPrepass,depth_prepass,forward,,total,0.00390,0.00426,0.00509,0.00427,0.00394,0.00403,0.00458,0.00480,1.01590,1.01709,1.02330,1.01954,1.01626,1.01664,1.02269,1.02291,0.00000,0.00000,0.00000,0.00000,0.00000,0.00000,0.00000,0.00000,1.02019,1.02192,1.02730,1.02381,1.02032,1.02077,1.02701,1.02730
geometry_sweep_alu,0,100,100,geometry_sweep_alu,,C:\Users\mgkim15\AppData\Local\Temp\tvbperf_jt9bgt7n\run_00100.csv,2,no-variant-name,1,0,assets/scenes/unpacked/main_sponza/NewSponza_Main_glTF_003.gltf,600,120,1,1280,720,0,0,0,-10,0,0,0,0.1,1000,0.11,4,1,1,2,-1,1,1,0.5,4,1,1,256,1,100,ForwardPrepass,depth_prepass,forward,,total,0.00435,0.00490,0.00627,0.00493,0.00458,0.00467,0.00522,0.00563,1.01610,1.02170,1.02301,1.01955,1.01613,1.01658,1.02259,1.02278,0.00000,0.00000,0.00000,0.00000,0.00000,0.00000,0.00000,0.00000,1.02077,1.02653,1.02813,1.02448,1.02086,1.02141,1.02762,1.02800
geometry_sweep_alu,0,101,101,geometry_sweep_alu,,C:\Users\mgkim15\AppData\Local\Temp\tvbperf_jt9bgt7n\run_00101.csv,2,no-variant-name,1,0,assets/scenes/unpacked/main_sponza/NewSponza_Main_glTF_003.gltf,600,120,1,1280,720,0,0,0,-10,0,0,0,0.1,1000,0.11,8,1,1,2,-1,1,1,0.5,4,1,1,256,1,100,ForwardPrepass,depth_prepass,forward,,total,0.00541,0.00579,0.00643,0.00581,0.00541,0.00557,0.00611,0.00634,1.01619,1.01709,1.02285,1.01934,1.01626,1.01670,1.02266,1.02282,0.00000,0.00000,0.00000,0.00000,0.00000,0.00000,0.00000,0.00000,1.02192,1.02304,1.02918,1.02515,1.02202,1.02234,1.02854,1.02915
geometry_sweep_alu,0,102,102,geometry_sweep_alu,,C:\Users\mgkim15\AppData\Local\Temp\tvbperf_jt9bgt7n\run_00102.csv,2,no-variant-name,1,0,assets/scenes/unpacked/main_sponza/NewSponza_Main_glTF_003.gltf,600,120,1,1280,720,0,0,0,-10,0,0,0,0.1,1000,0.11,16,1,1,2,-1,1,1,0.5,4,1,1,256,1,100,ForwardPrepass,depth_prepass,forward,,total,0.00790,0.00826,0.00886,0.00828,0.00794,0.00800,0.00861,0.00880,1.01619,1.01731,1.02301,1.01944,1.01622,1.01670,1.02266,1.02275,0.00000,0.00000,0.00000,0.00000,0.00000,0.00000,0.00000,0.00000,1.02429,1.02579,1.03142,1.02772,1.02432,1.02486,1.03088,1.03142
geometry_sweep_alu,0,103,103,geometry_sweep_alu,,C:\Users\mgkim15\AppData\Local\Temp\tvbperf_jt9bgt7n\run_00103.csv,2,no-variant-name,1,0,assets/scenes/unpacked/main_sponza/NewSponza_Main_glTF_003.gltf,600,120,1,1280,720,0,0,0,-10,0,0,0,0.1,1000,0.11,32,1,1,2,-1,1,1,0.5,4,1,1,256,1,100,ForwardPrepass,depth_prepass,forward,,total,0.01357,0.01392,0.01437,0.01394,0.01357,0.01366,0.01421,0.01434,1.01696,1.01741,1.02349,1.01971,1.01699,1.01712,1.02317,1.02333,0.00000,0.00000,0.00000,0.00000,0.00000,0.00000,0.00000,0.00000,1.03075,1.03146,1.03750,1.03365,1.03085,1.03094,1.03715,1.03744
geometry_sweep_alu,0,104,104,geometry_sweep_alu,,C:\Users\mgkim15\AppData\Local\Temp\tvbperf_jt9bgt7n\run_00104.csv,2,no-variant-name,1,0,assets/scenes/unpacked/main_sponza/NewSponza_Main_glTF_003.gltf,600,120,1,1280,720,0,0,0,-10,0,0,0,0.1,1000,0.11,64,1,1,2,-1,1,1,0.5,4,1,1,256,1,100,ForwardPrepass,depth_prepass,forward,,total,0.02435,0.02474,0.02528,0.02473,0.02438,0.02445,0.02506,0.02528,1.01747,1.01795,1.02410,1.02038,1.01754,1.01773,1.02378,1.02403,0.00000,0.00000,0.00000,0.00000,0.00000,0.00000,0.00000,0.00000,1.04205,1.04301,1.04890,1.04511,1.04205,1.04234,1.04845,1.04874
geometry_sweep_alu,0,105,105,geometry_sweep_alu,,C:\Users\mgkim15\AppData\Local\Temp\tvbperf_jt9bgt7n\run_00105.csv,2,no-variant-name,1,0,assets/scenes/unpacked/main_sponza/NewSponza_Main_glTF_003.gltf,600,120,1,1280,720,0,0,0,-10,0,0,0,0.1,1000,0.11,128,1,1,2,-1,1,1,0.5,4,1,1,256,1,100,ForwardPrepass,depth_prepass,forward,,total,0.04602,0.04634,0.04685,0.04636,0.04605,0.04614,0.04662,0.04678,1.01808,1.01856,1.02448,1.02088,1.01811,1.01827,1.02422,1.02445,0.00000,0.00000,0.00000,0.00000,0.00000,0.00000,0.00000,0.00000,1.06429,1.06502,1.07110,1.06724,1.06442,1.06451,1.07072,1.07104
geometry_sweep_alu,0,106,106,geometry_sweep_alu,,C:\Users\mgkim15\AppData\Local\Temp\tvbperf_jt9bgt7n\run_00106.csv,2,no-variant-name,1,0,assets/scenes/unpacked/main_sponza/NewSponza_Main_glTF_003.gltf,600,120,1,1280,720,0,0,0,-10,0,0,0,0.1,1000,0.11,256,1,1,2,-1,1,1,0.5,4,1,1,256,1,100,ForwardPrepass,depth_prepass,forward,,total,0.09014,0.09046,0.09398,0.09054,0.09018,0.09024,0.09094,0.09114,1.01786,1.01846,1.02442,1.02075,1.01792,1.01808,1.02400,1.02426,0.00000,0.00000,0.00000,0.00000,0.00000,0.00000,0.00000,0.00000,1.10806,1.10928,1.11523,1.11128,1.10816,1.10838,1.11459,1.11514
geometry_sweep_alu,0,107,107,geometry_sweep_alu,,C:\Users\mgkim15\AppData\Local\Temp\tvbperf_jt9bgt7n\run_00107.csv,2,no-variant-name,1,0,assets/scenes/unpacked/main_sponza/NewSponza_Main_glTF_003.gltf,600,120,1,1280,720,0,0,0,-10,0,0,0,0.1,1000,0.11,512,1,1,2,-1,1,1,0.5,4,1,1,256,1,100,ForwardPrepass,depth_prepass,forward,,total,0.17949,0.17990,0.18032,0.17992,0.17952,0.17968,0.18022,0.18029,1.02477,1.02666,1.02794,1.02656,1.02499,1.02550,1.02755,1.02784,0.00000,0.00000,0.00000,0.00000,0.00000,0.00000,0.00000,0.00000,1.20464,1.20659,1.20800,1.20648,1.20480,1.20534,1.20758,1.20800
geometry_sweep_alu,0,108,108,geometry_sweep_alu,,C:\Users\mgkim15\AppData\Local\Temp\tvbperf_jt9bgt7n\run_00108.csv,2,no-variant-name,1,0,assets/scenes/unpacked/main_sponza/NewSponza_Main_glTF_003.gltf,600,120,1,1280,720,0,0,0,-10,0,0,0,0.1,1000,0.11,1024,1,1,2,-1,1,1,0.5,4,1,1,256,1,100,ForwardPrepass,depth_prepass,forward,,total,0.35818,0.35846,0.36669,0.35857,0.35818,0.35824,0.35885,0.35914,1.18586,1.18989,1.19136,1.18897,1.18589,1.18634,1.19094,1.19130,0.00000,0.00000,0.00000,0.00000,0.00000,0.00000,0.00000,0.00000,1.54416,1.54835,1.55734,1.54754,1.54448,1.54477,1.54963,1.55011
geometry_sweep_alu,0,109,109,geometry_sweep_alu,,C:\Users\mgkim15\AppData\Local\Temp\tvbperf_jt9bgt7n\run_00109.csv,2,no-variant-name,1,0,assets/scenes/unpacked/main_sponza/NewSponza_Main_glTF_003.gltf,600,120,1,1280,720,0,0,0,-10,0,0,0,0.1,1000,0.11,2048,1,1,2,-1,1,1,0.5,4,1,1,256,1,100,ForwardPrepass,depth_prepass,forward,,total,0.71437,0.71462,0.71542,0.71468,0.71437,0.71443,0.71507,0.71523,1.51078,1.51661,1.51914,1.51498,1.51088,1.51130,1.51776,1.51862,0.00000,0.00000,0.00000,0.00000,0.00000,0.00000,0.00000,0.00000,2.22544,2.23133,2.23405,2.22966,2.22544,2.22592,2.23245,2.23386
geometry_sweep_alu,0,110,110,geometry_sweep_alu,,C:\Users\mgkim15\AppData\Local\Temp\tvbperf_jt9bgt7n\run_00110.csv,2,no-variant-name,1,0,assets/scenes/unpacked/main_sponza/NewSponza_Main_glTF_003.gltf,600,120,1,1280,720,0,0,0,-10,0,0,0,0.1,1000,0.11,4096,1,1,2,-1,1,1,0.5,4,1,1,256,1,100,ForwardPrepass,depth_prepass,forward,,total,1.42454,1.42493,1.42563,1.42494,1.42461,1.42474,1.42518,1.42557,2.17149,2.17907,2.18605,2.17909,2.17194,2.17670,2.18182,2.18349,0.00000,0.00000,0.00000,0.00000,0.00000,0.00000,0.00000,0.00000,3.59661,3.60403,3.61114,3.60404,3.59674,3.60163,3.60678,3.60838
geometry_sweep_alu,0,111,111,geometry_sweep_alu,,C:\Users\mgkim15\AppData\Local\Temp\tvbperf_jt9bgt7n\run_00111.csv,2,no-variant-name,1,0,assets/scenes/unpacked/main_sponza/NewSponza_Main_glTF_003.gltf,600,120,1,1280,720,0,0,0,-10,0,0,0,0.1,1000,0.11,8192,1,1,2,-1,1,1,0.5,4,1,1,256,1,100,ForwardPrepass,depth_prepass,forward,,total,2.81872,2.82026,2.82278,2.82018,2.81875,2.81920,2.82106,2.82195,3.59770,3.60950,3.63066,3.60967,3.60163,3.60493,3.61542,3.62307,0.00000,0.00000,0.00000,0.00000,0.00000,0.00000,0.00000,0.00000,6.41683,6.42976,6.45072,6.42985,6.42243,6.42483,6.43555,6.44342
geometry_sweep_alu,0,112,112,geometry_sweep_alu,,C:\Users\mgkim15\AppData\Local\Temp\tvbperf_jt9bgt7n\run_00112.csv,4,no-variant-name,1,0,assets/scenes/unpacked/main_sponza/NewSponza_Main_glTF_003.gltf,600,120,1,1280,720,0,0,0,-10,0,0,0,0.1,1000,0.11,1,1,1,2,-1,1,1,0.5,4,1,1,256,1,100,VisBuf,visibility,resolve,,total,0.01123,0.01235,0.01261,0.01220,0.01123,0.01158,0.01254,0.01261,1.00042,1.01485,1.01558,1.01407,1.00045,1.01434,1.01536,1.01552,0.00000,0.00000,0.00000,0.00000,0.00000,0.00000,0.00000,0.00000,1.01171,1.02714,1.02806,1.02627,1.01181,1.02624,1.02755,1.02803
geometry_sweep_alu,0,113,113,geometry_sweep_alu,,C:\Users\mgkim15\AppData\Local\Temp\tvbperf_jt9bgt7n\run_00113.csv,4,no-variant-name,1,0,assets/scenes/unpacked/main_sponza/NewSponza_Main_glTF_003.gltf,600,120,1,1280,720,0,0,0,-10,0,0,0,0.1,1000,0.11,2,1,1,2,-1,1,1,0.5,4,1,1,256,1,100,VisBuf,visibility,resolve,,total,0.01117,0.01133,0.01206,0.01139,0.01120,0.01123,0.01171,0.01197,1.00032,1.01472,1.01555,1.01450,1.00099,1.01430,1.01510,1.01555,0.00000,0.00000,0.00000,0.00000,0.00000,0.00000,0.00000,0.00000,1.01158,1.02611,1.02688,1.02588,1.01274,1.02560,1.02653,1.02688
geometry_sweep_alu,0,114,114,geometry_sweep_alu,,C:\Users\mgkim15\AppData\Local\Temp\tvbperf_jt9bgt7n\run_00114.csv,4,no-variant-name,1,0,assets/scenes/unpacked/main_sponza/NewSponza_Main_glTF_003.gltf,600,120,1,1280,720,0,0,0,-10,0,0,0,0.1,1000,0.11,4,1,1,2,-1,1,1,0.5,4,1,1,256,1,100,VisBuf,visibility,resolve,,total,0.01117,0.01136,0.01190,0.01141,0.01120,0.01123,0.01171,0.01187,1.00083,1.01475,1.01542,1.01264,1.00086,1.00102,1.01501,1.01542,0.00000,0.00000,0.00000,0.00000,0.00000,0.00000,0.00000,0.00000,1.01210,1.02611,1.02688,1.02405,1.01213,1.01267,1.02656,1.02682
geometry_sweep_alu,0,115,115,geometry_sweep_alu,,C:\Users\mgkim15\AppData\Local\Temp\tvbperf_jt9bgt7n\run_00115.csv,4,no-variant-name,1,0,assets/scenes/unpacked/main_sponza/NewSponza_Main_glTF_003.gltf,600,120,1,1280,720,0,0,0,-10,0,0,0,0.1,1000,0.11,8,1,1,2,-1,1,1,0.5,4,1,1,256,1,100,VisBuf,visibility,resolve,,total,0.01120,0.01139,0.01206,0.01144,0.01120,0.01123,0.01174,0.01203,1.00090,1.01485,1.02560,1.01371,1.00096,1.00128,1.01923,1.02557,0.00000,0.00000,0.00000,0.00000,0.00000,0.00000,0.00000,0.00000,1.01219,1.02618,1.03725,1.02515,1.01219,1.01286,1.03098,1.03722
geometry_sweep_alu,0,116,116,geometry_sweep_alu,,C:\Users\mgkim15\AppData\Local\Temp\tvbperf_jt9bgt7n\run_00116.csv,4,no-variant-name,1,0,assets/scenes/unpacked/main_sponza/NewSponza_Main_glTF_003.gltf,600,120,1,1280,720,0,0,0,-10,0,0,0,0.1,1000,0.11,16,1,1,2,-1,1,1,0.5,4,1,1,256,1,100,VisBuf,visibility,resolve,,total,0.01219,0.01242,0.01312,0.01248,0.01222,0.01226,0.01277,0.01306,1.00106,1.01472,1.01542,1.01454,1.00141,1.01459,1.01504,1.01536,0.00000,0.00000,0.00000,0.00000,0.00000,0.00000,0.00000,0.00000,1.01395,1.02717,1.02813,1.02702,1.01453,1.02694,1.02758,1.02806
geometry_sweep_alu,0,117,117,geometry_sweep_alu,,C:\Users\mgkim15\AppData\Local\Temp\tvbperf_jt9bgt7n\run_00117.csv,4,no-variant-name,1,0,assets/scenes/unpacked/main_sponza/NewSponza_Main_glTF_003.gltf,600,120,1,1280,720,0,0,0,-10,0,0,0,0.1,1000,0.11,32,1,1,2,-1,1,1,0.5,4,1,1,256,1,100,VisBuf,visibility,resolve,,total,0.01814,0.01840,0.01907,0.01845,0.01818,0.01818,0.01882,0.01901,1.01450,1.01478,1.01549,1.01483,1.01456,1.01462,1.01514,1.01542,0.00000,0.00000,0.00000,0.00000,0.00000,0.00000,0.00000,0.00000,1.03270,1.03322,1.03424,1.03328,1.03280,1.03293,1.03370,1.03402
geometry_sweep_alu,0,118,118,geometry_sweep_alu,,C:\Users\mgkim15\AppData\Local\Temp\tvbperf_jt9bgt7n\run_00118.csv,4,no-variant-name,1,0,assets/scenes/unpacked/main_sponza/NewSponza_Main_glTF_003.gltf,600,120,1,1280,720,0,0,0,-10,0,0,0,0.1,1000,0.11,64,1,1,2,-1,1,1,0.5,4,1,1,256,1,100,VisBuf,visibility,resolve,,total,0.02899,0.02915,0.03005,0.02925,0.02899,0.02902,0.02957,0.02998,1.00077,1.01472,1.01530,1.01397,1.00083,1.01450,1.01504,1.01526,0.00000,0.00000,0.00000,0.00000,0.00000,0.00000,0.00000,0.00000,1.03021,1.04394,1.04480,1.04322,1.03030,1.04358,1.04442,1.04480
geometry_sweep_alu,0,119,119,geometry_sweep_alu,,C:\Users\mgkim15\AppData\Local\Temp\tvbperf_jt9bgt7n\run_00119.csv,4,no-variant-name,1,0,assets/scenes/unpacked/main_sponza/NewSponza_Main_glTF_003.gltf,600,120,1,1280,720,0,0,0,-10,0,0,0,0.1,1000,0.11,128,1,1,2,-1,1,1,0.5,4,1,1,256,1,100,VisBuf,visibility,resolve,,total,0.05069,0.05110,0.05178,0.05113,0.05069,0.05082,0.05146,0.05168,1.00058,1.01478,1.01558,1.01187,1.00058,1.00106,1.01504,1.01546,0.00000,0.00000,0.00000,0.00000,0.00000,0.00000,0.00000,0.00000,1.05216,1.06579,1.06704,1.06299,1.05216,1.05245,1.06627,1.06669
geometry_sweep_alu,0,120,120,geometry_sweep_alu,,C:\Users\mgkim15\AppData\Local\Temp\tvbperf_jt9bgt7n\run_00120.csv,4,no-variant-name,1,0,assets/scenes/unpacked/main_sponza/NewSponza_Main_glTF_003.gltf,600,120,1,1280,720,0,0,0,-10,0,0,0,0.1,1000,0.11,256,1,1,2,-1,1,1,0.5,4,1,1,256,1,100,VisBuf,visibility,resolve,,total,0.09542,0.09584,0.10800,0.09602,0.09546,0.09562,0.09606,0.10624,1.00054,1.00166,1.01546,1.00751,1.00058,1.00093,1.01498,1.01539,0.00000,0.00000,0.00000,0.00000,0.00000,0.00000,0.00000,0.00000,1.09645,1.09750,1.12115,1.10353,1.09658,1.09677,1.11088,1.11158
geometry_sweep_alu,0,121,121,geometry_sweep_alu,,C:\Users\mgkim15\AppData\Local\Temp\tvbperf_jt9bgt7n\run_00121.csv,4,no-variant-name,1,0,assets/scenes/unpacked/main_sponza/NewSponza_Main_glTF_003.gltf,600,120,1,1280,720,0,0,0,-10,0,0,0,0.1,1000,0.11,512,1,1,2,-1,1,1,0.5,4,1,1,256,1,100,VisBuf,visibility,resolve,,total,0.18477,0.18502,0.18550,0.18505,0.18480,0.18483,0.18531,0.18541,1.00045,1.01491,1.01562,1.01113,1.00093,1.00128,1.01520,1.01555,0.00000,0.00000,0.00000,0.00000,0.00000,0.00000,0.00000,0.00000,1.18579,1.19987,1.20077,1.19618,1.18602,1.18637,1.20038,1.20061
geometry_sweep_alu,0,122,122,geometry_sweep_alu,,C:\Users\mgkim15\AppData\Local\Temp\tvbperf_jt9bgt7n\run_00122.csv,4,no-variant-name,1,0,assets/scenes/unpacked/main_sponza/NewSponza_Main_glTF_003.gltf,600,120,1,1280,720,0,0,0,-10,0,0,0,0.1,1000,0.11,1024,1,1,2,-1,1,1,0.5,4,1,1,256,1,100,VisBuf,visibility,resolve,,total,0.36106,0.36141,0.36205,0.36145,0.36109,0.36122,0.36179,0.36202,1.00058,1.01491,1.01578,1.01246,1.00083,1.00122,1.01536,1.01568,0.00000,0.00000,0.00000,0.00000,0.00000,0.00000,0.00000,0.00000,1.36224,1.37635,1.37734,1.37391,1.36230,1.36269,1.37680,1.37718
geometry_sweep_alu,0,123,123,geometry_sweep_alu,,C:\Users\mgkim15\AppData\Local\Temp\tvbperf_jt9bgt7n\run_00123.csv,4,no-variant-name,1,0,assets/scenes/unpacked/main_sponza/NewSponza_Main_glTF_003.gltf,600,120,1,1280,720,0,0,0,-10,0,0,0,0.1,1000,0.11,2048,1,1,2,-1,1,1,0.5,4,1,1,256,1,100,VisBuf,visibility,resolve,,total,0.71306,0.71344,0.71386,0.71344,0.71309,0.71318,0.71366,0.71386,1.00070,1.01514,1.01597,1.01358,1.00083,1.00202,1.01552,1.01574,0.00000,0.00000,0.00000,0.00000,0.00000,0.00000,0.00000,0.00000,1.71389,1.72854,1.72957,1.72703,1.71398,1.71565,1.72909,1.72925
geometry_sweep_alu,0,124,124,geometry_sweep_alu,,C:\Users\mgkim15\AppData\Local\Temp\tvbperf_jt9bgt7n\run_00124.csv,4,no-variant-name,1,0,assets/scenes/unpacked/main_sponza/NewSponza_Main_glTF_003.gltf,600,120,1,1280,720,0,0,0,-10,0,0,0,0.1,1000,0.11,4096,1,1,2,-1,1,1,0.5,4,1,1,256,1,100,VisBuf,visibility,resolve,,total,1.41706,1.41747,1.41808,1.41749,1.41712,1.41722,1.41779,1.41798,1.00090,1.01510,1.01590,1.01078,1.00093,1.00141,1.01552,1.01587,0.00000,0.00000,0.00000,0.00000,0.00000,0.00000,0.00000,0.00000,2.41808,2.43254,2.43382,2.42827,2.41843,2.41878,2.43312,2.43344
geometry_sweep_alu,0,125,125,geometry_sweep_alu,,C:\Users\mgkim15\AppData\Local\Temp\tvbperf_jt9bgt7n\run_00125.csv,4,no-variant-name,1,0,assets/scenes/unpacked/main_sponza/NewSponza_Main_glTF_003.gltf,600,120,1,1280,720,0,0,0,-10,0,0,0,0.1,1000,0.11,8192,1,1,2,-1,1,1,0.5,4,1,1,256,1,100,VisBuf,visibility,resolve,,total,2.81094,2.81162,2.81309,2.81160,2.81098,2.81110,2.81216,2.81286,0.99718,0.99811,1.01203,0.99866,0.99728,0.99760,0.99875,1.01162,0.00000,0.00000,0.00000,0.00000,0.00000,0.00000,0.00000,0.00000,3.80822,3.80963,3.82346,3.81026,3.80838,3.80896,3.81088,3.82333
